Unnamed: 0,idOwner,Title,Type,Year,Genre,title,type,year,genre
0,tt0077634,The Great Skycopter Rescue,Movie,1980.0,Action,,,,
1,tt0076709,Si wang ta,Movie,1980.0,Action,,,,
2,tt0078428,Shao Lin yu Wu Dang,Movie,1980.0,Action,,,,
3,tt0077645,Mie jue qi qi,Movie,1980.0,Action,,,,
4,tt0079106,L'empreinte des géants,Movie,1980.0,Action,,,,
5,tt0078941,Carlos el terrorista,Movie,1980.0,Action,,,,
6,tt0078726,Ba jue,Movie,1980.0,Action,,,,
7,tt0078918,The Bushido Blade,Movie,1981.0,Action,,,,
8,tt0079712,Perro callejero II,Movie,1981.0,Action,,,,
9,tt0079896,She diao ying xiong chuan san ji,Movie,1981.0,Action,,,,
10,tt0079888,Shang Hai Tan da ye,Movie,1981.0,Action,,,,
11,tt0080501,Car Crash,Movie,1981.0,Action,,,,
12,tt0080441,Asalto al casino,Movie,1981.0,Action,,,,
13,tt0080514,Chakra,Movie,1981.0,Action,,,,
14,tt0080481,Burning Rubber,Movie,1981.0,Action,,,,
15,tt0079899,Shen diao xia lü,Movie,1982.0,Action,,,,
16,tt0080872,Highpoint,Movie,1982.0,Action,,,,
17,tt0082133,Caligola: La storia mai raccontata,Movie,1982.0,Action,,,,
18,tt0082338,Turkey Shoot,Movie,1982.0,Action,,,,
19,tt0082673,Long de ying zi,Movie,1982.0,Action,,,,
20,tt0082250,Death Wish II,Movie,1982.0,Action,,,,
21,tt0082532,How Sleep the Brave,Movie,1982.0,Action,,,,
22,tt0078393,Tian can bian,Movie,1983.0,Action,,,,
23,tt0082566,Intrusion: Cambodia,Movie,1983.0,Action,,,,
24,tt0083062,Shao Lin yu Wu Dang,Movie,1983.0,Action,,,,
25,tt0084256,Yang guo yu xiao long nu,Movie,1983.0,Action,,,,
26,tt0084297,Man tian shen fo,Movie,1983.0,Action,,,,
27,tt0084540,Le prix du danger,Movie,1983.0,Action,,,,
28,tt0084836,"USA, violación y venganza",Movie,1983.0,Action,,,,
29,tt0083061,Shang Hai tan: Shi san tai bao,Movie,1984.0,Action,,,,
30,tt0083541,Alley Cat,Movie,1984.0,Action,,,,
31,tt0085289,Canicule,Movie,1984.0,Action,,,,
32,tt0085454,Don Camillo,Movie,1984.0,Action,,,,
33,tt0085312,Les cavaliers de l'orage,Movie,1984.0,Action,,,,
34,tt0084279,Luna de sangre,Movie,1984.0,Action,,,,
35,tt0085460,Dreptate în lanturi,Movie,1984.0,Action,,,,
36,tt0085540,L'ultimo guerriero,Movie,1984.0,Action,,,,
37,tt0084738,Fan wan di,Movie,1984.0,Action,,,,
38,tt0083509,24 Hours to Midnight,Movie,1985.0,Action,,,,
39,tt0086566,Walking the Edge,Movie,1985.0,Action,,,,
40,tt0088137,Sloane,Movie,1985.0,Action,,,,
41,tt0087130,DEFCON-4,Movie,1985.0,Action,,,,
42,tt0066151,Ninja Destroyer,Movie,1986.0,Action,,,,
43,tt0081236,Ninja Champion,Movie,1986.0,Action,,,,
44,tt0084668,Da Shang Hai 1937,Movie,1986.0,Action,,,,
45,tt0086930,Bad Girls Dormitory,Movie,1986.0,Action,,,,
46,tt0089861,Qi yuan,Movie,1986.0,Action,,,,
47,tt0087368,Gruz bez markirovki,Movie,1986.0,Action,,,,
48,tt0089930,Roller Blade,Movie,1986.0,Action,,,,
49,tt0090170,Thunder II,Movie,1987.0,Action,,,,
50,tt0088962,Crime Killer,Movie,1987.0,Action,,,,
51,tt0090302,Wai Si-Lei chuen kei,Movie,1987.0,Action,,,,
52,tt0089563,Masterblaster,Movie,1987.0,Action,,,,
53,tt0091012,Equalizer 2000,Movie,1987.0,Action,,,,
54,tt0090847,City of Shadows,Movie,1987.0,Action,,,,
55,tt0090956,Dung fong tuk ying,Movie,1987.0,Action,,,,
56,tt0090902,The Danger Zone,Movie,1987.0,Action,,,,
57,tt0090587,Guo jiang,Movie,1988.0,Action,,,,
58,tt0092841,Dead Man Walking,Movie,1988.0,Action,,,,
59,tt0092787,Escuadrón,Movie,1988.0,Action,,,,
60,tt0093171,Hell Comes to Frogtown,Movie,1988.0,Action,,,,
61,tt0091285,Java Burn,Movie,1988.0,Action,,,,
62,tt0093983,Skeleton Coast,Movie,1988.0,Action,,,,
63,tt0092582,The Arrogant,Movie,1988.0,Action,,,,
64,tt0093663,The Occultist,Movie,1988.0,Action,,,,
65,tt0090334,Wizards of the Lost Kingdom II,Movie,1989.0,Action,,,,
66,tt0094386,Zui hou de feng kuang,Movie,1989.0,Action,,,,
67,tt0094384,Zombie vs. Ninja,Movie,1989.0,Action,,,,
68,tt0094607,Accidents,Movie,1989.0,Action,,,,
69,tt0092531,Alien Private Eye,Movie,1989.0,Action,,,,
70,tt0094620,After Death (Oltre la morte),Movie,1989.0,Action,,,,
71,tt0090869,Comando terrorista,Movie,1990.0,Action,,,,
72,tt0092926,Dragon Hunt,Movie,1990.0,Action,,,,
73,tt0094376,Huang jia shi jie zhi: Zhong jian ren,Movie,1990.0,Action,,,,
74,tt0094004,Soldier of Fortune,Movie,1990.0,Action,,,,
75,tt0093989,Xian sha lu,Movie,1990.0,Action,,,,
76,tt0095095,Emperor of the Bronx,Movie,1990.0,Action,,,,
77,tt0095290,Hei hai ba wang hua,Movie,1990.0,Action,,,,
78,tt0096469,Wu ye tian shi,Movie,1990.0,Action,,,,
79,tt0094926,Curse of the Crystal Eye,Movie,1991.0,Action,,,,
80,tt0097318,Eye of the Widow,Movie,1991.0,Action,,,,
81,tt0097864,Meng gui hu li jing,Movie,1991.0,Action,,,,
82,tt0095335,Gun gun hong chun,Movie,1992.0,Action,,,,
83,tt0097064,Circle of Fear,Movie,1992.0,Action,,,,
84,tt0099814,Hurricane Smith,Movie,1992.0,Action,,,,
85,tt0099793,Hong tian huang jia jiang,Movie,1992.0,Action,,,,
86,tt0100195,Sha qiu zhan shi,Movie,1992.0,Action,,,,
87,tt0101828,Eternal Fist,Movie,1992.0,Action,,,,
88,tt0101288,Al filo de la ley,Movie,1992.0,Action,,,,
89,tt0102073,Humlaa,Movie,1992.0,Action,,,,
90,tt0096090,Leung seung ching yuen,Movie,1993.0,Action,,,,
91,tt0101928,Full Impact,Movie,1993.0,Action,,,,
92,tt0105881,Magkasangga 2000,Movie,1995.0,Action,,,,
93,tt0109178,Automatic,Movie,1995.0,Action,,,,
94,tt0109033,Abducted II: The Reunion,Movie,1995.0,Action,,,,
95,tt0109536,The Dangerous,Movie,1995.0,Action,,,,
0,tt0068745,Intime Liebschaften,Movie,1980.0,Comedy,,,,
1,tt0075332,"Zärtlich, aber frech wie Oskar",Movie,1980.0,Comedy,,,,
2,tt0076464,You ni mei ni,Movie,1980.0,Comedy,,,,
3,tt0076580,Qian zuo guai,Movie,1980.0,Comedy,,,,
4,tt0077367,Consultorio sexológico,Movie,1980.0,Comedy,,,,
5,tt0077428,It Rained All Night the Day I Left,Movie,1980.0,Comedy,,,,
6,tt0077883,Lásky mezi kapkami deste,Movie,1980.0,Comedy,,,,
7,tt0078853,"Car-Napping - Bestellt, geklaut, geliefert",Movie,1980.0,Comedy,,,,
8,tt0078304,Sowizdrzal swietokrzyski,Movie,1980.0,Comedy,,,,
9,tt0072173,Malibu Hot Summer,Movie,1981.0,Comedy,,,,
10,tt0075816,Casta e pura,Movie,1981.0,Comedy,,,,
11,tt0079396,"Kenn' ich, weiß ich, war ich schon!",Movie,1981.0,Comedy,,,,
12,tt0079650,"Okey, Mister Pancho",Movie,1981.0,Comedy,,,,
13,tt0076041,Flush,Movie,1982.0,Comedy,,,,
14,tt0077731,Messo comunale praticamente spione,Movie,1982.0,Comedy,,,,
15,tt0077885,Mademoiselle,Movie,1982.0,Comedy,,,,
16,tt0078411,Totul pentru fotbal,Movie,1982.0,Comedy,,,,
17,tt0078834,Beach House,Movie,1982.0,Comedy,,,,
18,tt0079720,El regreso de Eva Man,Movie,1982.0,Comedy,,,,
19,tt0080393,Attila flagello di Dio,Movie,1982.0,Comedy,,,,
20,tt0080680,Los embarazados,Movie,1982.0,Comedy,,,,
21,tt0077173,Las apariencias engañan,Movie,1983.0,Comedy,,,,
22,tt0079509,Mi ni te gong dui,Movie,1983.0,Comedy,,,,
23,tt0079915,Skullduggery,Movie,1983.0,Comedy,,,,
24,tt0082788,México 2000,Movie,1983.0,Comedy,,,,
25,tt0083715,Thieves and Robbers,Movie,1983.0,Comedy,,,,
26,tt0083518,The Act,Movie,1983.0,Comedy,,,,
27,tt0083640,Beregite muzhchin!,Movie,1983.0,Comedy,,,,
28,tt0083592,Au clair de la lune,Movie,1983.0,Comedy,,,,
29,tt0082469,La gran quiniela,Movie,1984.0,Comedy,,,,
30,tt0081674,UFOria,Movie,1984.0,Comedy,,,,
31,tt0082670,"Los locos, locos carrozas",Movie,1984.0,Comedy,,,,
32,tt0083013,Réveillon chez Bob,Movie,1984.0,Comedy,,,,
33,tt0084533,Preppies,Movie,1984.0,Comedy,,,,
34,tt0082674,Long fa wei,Movie,1985.0,Comedy,,,,
35,tt0085455,Don Cipote de la Manga,Movie,1985.0,Comedy,,,,
36,tt0085860,Lola la trailera,Movie,1985.0,Comedy,,,,
37,tt0085437,Di zi ye feng kuang,Movie,1985.0,Comedy,,,,
38,tt0086595,Wo yuan yi,Movie,1985.0,Comedy,,,,
39,tt0087560,King Kongs Faust,Movie,1985.0,Comedy,,,,
40,tt0087978,El ratero de la vecindad II,Movie,1985.0,Comedy,,,,
41,tt0066020,7 xiao fu,Movie,1986.0,Comedy,,,,
42,tt0085690,Hot Money,Movie,1986.0,Comedy,,,,
43,tt0086025,Los nuevos curanderos,Movie,1986.0,Comedy,,,,
44,tt0086028,Nägel mit Köpfen,Movie,1986.0,Comedy,,,,
45,tt0087945,Prison Ship,Movie,1986.0,Comedy,,,,
46,tt0088468,L'étincelle,Movie,1986.0,Comedy,,,,
47,tt0085708,I Married a Vampire,Movie,1987.0,Comedy,,,,
48,tt0089727,On se calme et on boit frais à Saint-Tropez,Movie,1987.0,Comedy,,,,
49,tt0086964,Le big-Bang,Movie,1987.0,Comedy,,,,
50,tt0089758,Outtakes,Movie,1987.0,Comedy,,,,
51,tt0089878,Rainbow War,Short,1987.0,Comedy,,,,
52,tt0081766,The Wizard of Speed and Time,Movie,1988.0,Comedy,,,,
53,tt0089280,Hobgoblins,Movie,1988.0,Comedy,,,,
54,tt0090681,Ba wang nu fu xing,Movie,1988.0,Comedy,,,,
55,tt0091158,Gui meng jiao,Movie,1988.0,Comedy,,,,
56,tt0092773,La comédie du travail,Movie,1988.0,Comedy,,,,
57,tt0092503,A.D.A.M.,Movie,1988.0,Comedy,,,,
58,tt0064820,The Plot Against Harry,Movie,1989.0,Comedy,,,,
59,tt0080828,Gui yao gui,Movie,1989.0,Comedy,,,,
60,tt0080755,Foutaises,Short,1989.0,Comedy,,,,
61,tt0087634,Locas vacaciones,Movie,1989.0,Comedy,,,,
62,tt0093268,Interzone,Movie,1989.0,Comedy,,,,
63,tt0094735,Beyond Gravity,Movie,1989.0,Comedy,,,,
64,tt0094123,Terror Eyes,Movie,1989.0,Comedy,,,,
65,tt0091899,O Escorpião Escarlate,Movie,1990.0,Comedy,,,,
66,tt0095840,Payback,Movie,1990.0,Comedy,,,,
67,tt0097253,Dezha vyu,Movie,1990.0,Comedy,,,,
68,tt0096506,Zhong Ri nan bei he,Movie,1990.0,Comedy,,,,
69,tt0088267,Tian di xuan men,Movie,1991.0,Comedy,,,,
70,tt0093309,Jiang shi zhi zun,Movie,1991.0,Comedy,,,,
71,tt0092984,Esto es un atraco,Movie,1991.0,Comedy,,,,
72,tt0097122,Um Crime de Luxo,Movie,1991.0,Comedy,,,,
73,tt0097111,"Vai Trabalhar, Vagabundo II",Movie,1991.0,Comedy,,,,
74,tt0096154,Spies Inc.,Movie,1992.0,Comedy,,,,
75,tt0097775,Long hang tian xia,Movie,1992.0,Comedy,,,,
76,tt0099089,Back to the USSR - takaisin Ryssiin,Movie,1992.0,Comedy,,,,
77,tt0098965,Little Ninjas,Movie,1993.0,Comedy,,,,
78,tt0103592,1/3 qing ren,Movie,1993.0,Comedy,,,,
79,tt0101644,Dai lau Gwong Cheong Lung,Movie,1993.0,Comedy,,,,
80,tt0103951,Cheng shi nu lie ren,Movie,1993.0,Comedy,,,,
81,tt0103770,Barmherzige Schwestern,Movie,1993.0,Comedy,,,,
82,tt0102952,Prima Donnas,Movie,1995.0,Comedy,,,,
83,tt0101616,Coolie No. 1,Movie,1995.0,Comedy,,,,
84,tt0102532,Night Visions,Movie,1995.0,Comedy,,,,
85,tt0108576,Witch Academy,Movie,1995.0,Comedy,,,,
86,tt0107537,Mécaniques célestes,Movie,1995.0,Comedy,,,,
0,tt0075859,De draken van Bruce Lee,Movie,1980.0,Drama,,,,
1,tt0075631,Acto dos Feitos da Guiné,Movie,1980.0,Drama,,,,
2,tt0076043,Fontamara,Movie,1980.0,Drama,,,,
3,tt0076321,Liu he ba fa,Movie,1980.0,Drama,,,,
4,tt0076276,Ko to tamo peva,Movie,1980.0,Drama,,,,
5,tt0077366,Constelaciones,Movie,1980.0,Drama,,,,
6,tt0062181,Rece do góry,Movie,1981.0,Drama,,,,
7,tt0067100,Firecracker,Movie,1981.0,Drama,,,,
8,tt0075187,Seis pasajes al infierno,Movie,1981.0,Drama,,,,
9,tt0077389,D.F./Distrito Federal,Movie,1981.0,Drama,,,,
10,tt0076769,The Stowaway,Short,1981.0,Drama,,,,
11,tt0077472,Jie quan da dong kau,Movie,1981.0,Drama,,,,
12,tt0077960,Las muñecas del King Kong,Movie,1981.0,Drama,,,,
13,tt0078376,Tennessee Stallion,Movie,1982.0,Drama,,,,
14,tt0077722,A Ilha dos Amores,Movie,1982.0,Drama,,,,
15,tt0078769,"Amor, palavra prostituta",Movie,1982.0,Drama,,,,
16,tt0078178,Le rose et le blanc,Movie,1982.0,Drama,,,,
17,tt0079358,Han shan fei hu,Movie,1982.0,Drama,,,,
18,tt0079891,Shao Lin si,Movie,1982.0,Drama,,,,
19,tt0079799,Retrato de una mujer casada,Movie,1982.0,Drama,,,,
20,tt0080508,Cecilia,Movie,1982.0,Drama,,,,
21,tt0080554,Colegas,Movie,1982.0,Drama,,,,
22,tt0036606,"Another Time, Another Place",Movie,1983.0,Drama,,,,
23,tt0057461,La rosa de los vientos,Movie,1983.0,Drama,,,,
24,tt0065530,Le cercle des passions,Movie,1983.0,Drama,,,,
25,tt0077329,Bing xue qing guan ying xiong dan,Movie,1983.0,Drama,,,,
26,tt0079246,Guaguasi,Movie,1983.0,Drama,,,,
27,tt0080867,Hey Babe!,Movie,1983.0,Drama,,,,
28,tt0080824,Gu shou,Movie,1983.0,Drama,,,,
29,tt0082578,Putování Jana Amose,Movie,1983.0,Drama,,,,
30,tt0071261,Bástyasétány hetvennégy,Movie,1984.0,Drama,,,,
31,tt0080570,Cruz de olvido,Movie,1984.0,Drama,,,,
32,tt0081716,Qing ren kan dao,Movie,1984.0,Drama,,,,
33,tt0082972,Rare Breed,Movie,1984.0,Drama,,,,
34,tt0083969,Die Frau mit dem roten Hut,Movie,1984.0,Drama,,,,
35,tt0084384,Naitou l'orpheline,Movie,1984.0,Drama,,,,
36,tt0084388,Napló gyermekeimnek,Movie,1984.0,Drama,,,,
37,tt0082491,Habanera,Movie,1984.0,Drama,,,,
38,tt0083852,The Dream Chasers,Movie,1984.0,Drama,,,,
39,tt0075745,Beyond Reason,Movie,1985.0,Drama,,,,
40,tt0084324,Meri Jung,Movie,1985.0,Drama,,,,
41,tt0085155,Amada,Movie,1985.0,Drama,,,,
42,tt0085185,Atrapados en el miedo,Movie,1985.0,Drama,,,,
43,tt0085309,El caso Matías,Movie,1985.0,Drama,,,,
44,tt0067625,Proverka na dorogakh,Movie,1986.0,Drama,,,,
45,tt0086021,A Noite e a Madrugada,Movie,1986.0,Drama,,,,
46,tt0085986,Le médecin de Gafire,Movie,1986.0,Drama,,,,
47,tt0086909,L'araignée de satin,Movie,1986.0,Drama,,,,
48,tt0087210,Epizod Berlin West,Movie,1986.0,Drama,,,,
49,tt0087944,The Princess and the Call Girl,Movie,1986.0,Drama,,,,
50,tt0067694,Die Russen kommen,Movie,1987.0,Drama,,,,
51,tt0076900,Vtoraya popytka Viktora Krokhina,Movie,1987.0,Drama,,,,
52,tt0084549,Przypadek,Movie,1987.0,Drama,,,,
53,tt0084460,P.K. and the Kid,Movie,1987.0,Drama,,,,
54,tt0085916,Matka Królów,Movie,1987.0,Drama,,,,
55,tt0086584,Wierna rzeka,Movie,1987.0,Drama,,,,
56,tt0086836,1000-nen kizami no hidokei,Movie,1987.0,Drama,,,,
57,tt0072818,Contra la pared,Movie,1988.0,Drama,,,,
58,tt0082668,Lo que vendrá,Movie,1988.0,Drama,,,,
59,tt0088274,A Time to Remember,Movie,1988.0,Drama,,,,
60,tt0090292,Un maledetto soldato,Movie,1988.0,Drama,,,,
61,tt0065108,Tolko tri nochi,Movie,1989.0,Drama,,,,
62,tt0083731,Chasing Dreams,Movie,1989.0,Drama,,,,
63,tt0084548,Przesluchanie,Movie,1989.0,Drama,,,,
64,tt0087374,The Gunrunner,Movie,1989.0,Drama,,,,
65,tt0088900,Champagne amer,Movie,1989.0,Drama,,,,
66,tt0089996,Qi pi liang,Movie,1989.0,Drama,,,,
67,tt0089382,Joshilaay,Movie,1989.0,Drama,,,,
68,tt0091234,The Humpty Dumpty Man,Movie,1989.0,Drama,,,,
69,tt0059325,Jahrgang 45,Movie,1990.0,Drama,,,,
70,tt0059900,"Wenn du groß bist, lieber Adam",Movie,1990.0,Drama,,,,
71,tt0065188,"Vojtech, receny sirotek",Movie,1990.0,Drama,,,,
72,tt0068494,Domo Arigato,Movie,1990.0,Drama,,,,
73,tt0075259,Spy Story,Movie,1990.0,Drama,,,,
74,tt0081721,Vincent et moi,Movie,1990.0,Drama,,,,
75,tt0090665,Asfour Stah,Movie,1990.0,Drama,,,,
76,tt0093646,Nonstop,Short,1990.0,Drama,,,,
77,tt0077432,Dip huet kei bing,Movie,1991.0,Drama,,,,
78,tt0084015,Goodbye Paradise,Movie,1991.0,Drama,,,,
79,tt0092507,Abhimanyu,Movie,1991.0,Drama,,,,
80,tt0094841,La casa del sorriso,Movie,1991.0,Drama,,,,
81,tt0094900,Committed,Movie,1991.0,Drama,,,,
82,tt0095111,El heroob,Movie,1991.0,Drama,,,,
83,tt0082891,Peep Show,Short,1992.0,Drama,,,,
84,tt0084447,Open House,Short,1992.0,Drama,,,,
85,tt0095761,La nuit de l'océan,Movie,1992.0,Drama,,,,
86,tt0096222,Tao xue wai zhuan,Movie,1992.0,Drama,,,,
87,tt0097631,Judgement,Movie,1992.0,Drama,,,,
88,tt0099104,Ng yuet yam seon,Movie,1992.0,Drama,,,,
89,tt0099437,Disha,Movie,1992.0,Drama,,,,
90,tt0099639,Coupable d'innocence ou Quand la raison dort,Movie,1992.0,Drama,,,,
91,tt0015724,Dama de noche,Movie,1993.0,Drama,,,,
92,tt0081145,Me and the Kid,Movie,1993.0,Drama,,,,
93,tt0084551,Pu ti you hun,Movie,1993.0,Drama,,,,
94,tt0091490,Martina's Playhouse,Short,1993.0,Drama,,,,
95,tt0095745,Ninja Vengeance,Movie,1993.0,Drama,,,,
96,tt0097984,Shen tong,Movie,1993.0,Drama,,,,
97,tt0099640,El general y la fiebre,Movie,1993.0,Drama,,,,
98,tt0099917,Kamen raidâ Zetto Ô,Movie,1993.0,Drama,,,,
99,tt0099996,Legacy,Movie,1993.0,Drama,,,,
100,tt0100267,Nobat e Asheghi,Movie,1995.0,Drama,,,,
101,tt0102739,¡Que vivan los crotos!,Movie,1995.0,Drama,,,,
102,tt0105096,Paraíso Perdido,Movie,1995.0,Drama,,,,
103,tt0105298,Running Wild,Movie,1995.0,Drama,,,,
104,tt0106616,Las cosas del querer 2ª parte,Movie,1995.0,Drama,,,,
105,tt0107070,Halbe Welt,Movie,1995.0,Drama,,,,
0,tt0079293,,,,,Hi no tori 2772: Ai no kosumozôn,Movie,1980.0,Fantasy
1,tt0079749,,,,,Alibaba Aur 40 Chor,Movie,1980.0,Fantasy
2,tt0079820,,,,,Le roi et l'oiseau,Movie,1980.0,Fantasy
3,tt0079760,,,,,O Príncipe com Orelhas de Burro,Movie,1980.0,Fantasy
4,tt0080539,,,,,Vrouwenstad,Movie,1980.0,Fantasy
5,tt0078349,,,,,Sekai meisaku dôwa: Hakuchô no mizûmi,Movie,1981.0,Fantasy
6,tt0079492,,,,,Lovespell,Movie,1981.0,Fantasy
7,tt0080495,,,,,La capilla ardiente,Movie,1981.0,Fantasy
8,tt0080531,,,,,Christmas Mountain,Movie,1981.0,Fantasy
9,tt0080667,,,,,Dumbrava minunata,Movie,1981.0,Fantasy
10,tt0080920,,,,,In the Shadow of the Sun,Movie,1981.0,Fantasy
11,tt0082263,,,,,The Devil and Max Devlin,Movie,1981.0,Fantasy
12,tt0083144,,,,,The Survivor,Movie,1981.0,Fantasy
13,tt0082762,,,,,Mo deng tian shi,Movie,1982.0,Fantasy
14,tt0082198,,,,,Conan the Barbarian,Movie,1982.0,Fantasy
15,tt0082323,,,,,The Emperor of Peru,Movie,1982.0,Fantasy
16,tt0084535,,,,,Der Prinz hinter den sieben Meeren,Movie,1982.0,Fantasy
17,tt0084225,,,,,Yin ji,Movie,1982.0,Fantasy
18,tt0083053,,,,,Sero hiki no Gôshu,Movie,1982.0,Fantasy
19,tt0082141,,,,,La casa de las siete tumbas,Movie,1982.0,Fantasy
20,tt0083863,,,,,Le démon dans l'île,Movie,1983.0,Fantasy
21,tt0084301,,,,,Mar brava,Movie,1983.0,Fantasy
22,tt0084781,,,,,El tesoro de las cuatro coronas,Movie,1983.0,Fantasy
23,tt0085132,,,,,Os Abismos da Meia-Noite,Movie,1983.0,Fantasy
24,tt0085182,,,,,Ars amandi,Movie,1983.0,Fantasy
25,tt0083853,,,,,Dreams Come True,Movie,1984.0,Fantasy
26,tt0085316,,,,,Cenerentola '80,Movie,1984.0,Fantasy
27,tt0085535,,,,,Feroz,Movie,1984.0,Fantasy
28,tt0084750,,,,,Sword of the Valiant: The Legend of Sir Gawain and the Green Knight,Movie,1984.0,Fantasy
29,tt0082335,,,,,This Unnameable Little Broom,Short,1985.0,Fantasy
30,tt0087449,,,,,I eshchyo odna noch Shakherazady,Movie,1985.0,Fantasy
31,tt0087731,,,,,S certy nejsou zerty,Movie,1985.0,Fantasy
32,tt0088023,,,,,Rumburak,Movie,1985.0,Fantasy
33,tt0087256,,,,,El filandón,Movie,1985.0,Fantasy
34,tt0089737,,,,,Orfeo,Movie,1985.0,Fantasy
35,tt0089731,,,,,One Magic Christmas,Movie,1985.0,Fantasy
36,tt0089818,,,,,Pohádka o Malíckovi,Movie,1986.0,Fantasy
37,tt0089831,,,,,"Posle dozhdichka, v chetverg",Movie,1986.0,Fantasy
38,tt0089911,,,,,Revenge of the Stolen Stars,Movie,1986.0,Fantasy
39,tt0090183,,,,,The Tomb,Movie,1986.0,Fantasy
40,tt0092834,,,,,Date with an Angel,Movie,1987.0,Fantasy
41,tt0092296,,,,,Zombie Brigade,Movie,1988.0,Fantasy
42,tt0093240,,,,,Ich und er,Movie,1988.0,Fantasy
43,tt0094595,,,,,1999 nen no natsu yasumi,Movie,1988.0,Fantasy
44,tt0094054,,,,,Strasidla z vikýre,Movie,1988.0,Fantasy
45,tt0093624,,,,,Night of the Demons,Movie,1988.0,Fantasy
46,tt0093295,,,,,Jane B. par Agnès V.,Movie,1988.0,Fantasy
47,tt0094849,,,,,Celia,Movie,1989.0,Fantasy
48,tt0094641,,,,,"Amanece, que no es poco",Movie,1989.0,Fantasy
49,tt0095210,,,,,Die Geschichte von der Gänseprinzessin und ihrem treuen Pferd Falada,Movie,1989.0,Fantasy
50,tt0095547,,,,,The Lords of Magick,Movie,1989.0,Fantasy
51,tt0095483,,,,,Pembalasan Ratu Pantai Selatan,Movie,1989.0,Fantasy
52,tt0095712,,,,,Nebojsa,Movie,1989.0,Fantasy
53,tt0096239,,,,,Teen Vamp,Movie,1989.0,Fantasy
54,tt0093210,,,,,La hora 24,Movie,1990.0,Fantasy
55,tt0094874,,,,,Chu tu qi bing,Movie,1990.0,Fantasy
56,tt0097638,,,,,Hoi sum gwai gau hoi sum gwai,Movie,1990.0,Fantasy
57,tt0099388,,,,,Deathstalker IV: Match of Titans,Movie,1991.0,Fantasy
58,tt0100289,,,,,Olle Hexe,Movie,1991.0,Fantasy
59,tt0099175,,,,,Sedem jednou ranou,Movie,1991.0,Fantasy
60,tt0100584,,,,,Sha ru di yu,Movie,1991.0,Fantasy
61,tt0100528,,,,,The Runestone,Movie,1991.0,Fantasy
62,tt0100016,,,,,La liberté d'une statue,Movie,1991.0,Fantasy
63,tt0099055,,,,,The Argon Quest,Movie,1992.0,Fantasy
64,tt0099330,,,,,Crystal Force,Movie,1992.0,Fantasy
65,tt0099524,,,,,Evil Toons,Movie,1992.0,Fantasy
66,tt0103206,,,,,La vida láctea,Movie,1993.0,Fantasy
67,tt0104643,,,,,Krvavý román,Movie,1993.0,Fantasy
68,tt0104855,,,,,Merlin,Movie,1993.0,Fantasy
69,tt0104029,,,,,Cronos,Movie,1993.0,Fantasy
70,tt0104584,,,,,Kacenka a zase ta strasidla,Movie,1993.0,Fantasy
71,tt0104128,,,,,Dos Fantasmas Sinverguenzas,Movie,1993.0,Fantasy
72,tt0104096,,,,,Mo nu 18,Movie,1993.0,Fantasy
73,tt0106346,,,,,El baile de las ánimas,Movie,1994.0,Fantasy
74,tt0106518,,,,,Capítulo 66,Short,1994.0,Fantasy
75,tt0107101,,,,,Hellbound,Movie,1994.0,Fantasy
76,tt0106761,,,,,Double Dragon,Movie,1994.0,Fantasy
77,tt0106558,,,,,Chinese Kamasutra,Movie,1994.0,Fantasy
78,tt0109400,,,,,Charlie's Ghost Story,Movie,1995.0,Fantasy
79,tt0109746,,,,,Esti Kornél csodálatos utazása,Movie,1995.0,Fantasy
80,tt0109905,,,,,Gladiator Cop,Movie,1995.0,Fantasy
81,tt0110252,,,,,Keita! L'héritage du griot,Movie,1995.0,Fantasy
82,tt0110826,,,,,The Phoenix and the Magic Carpet,Movie,1995.0,Fantasy
83,tt0111359,,,,,Tall Tale,Movie,1995.0,Fantasy
0,tt0074994,Tempyo no iraka,Movie,1980.0,Horror,,,,
1,tt0078113,Primitif,Movie,1980.0,Horror,,,,
2,tt0077567,The Sleep of Death,Movie,1980.0,Horror,,,,
3,tt0078791,Aquella casa en las afueras,Movie,1980.0,Horror,,,,
4,tt0078806,The Attic,Movie,1980.0,Horror,,,,
5,tt0078936,Mondo cannibale,Movie,1980.0,Horror,,,,
6,tt0078749,Alien 2 - Sulla Terra,Movie,1980.0,Horror,,,,
7,tt0078880,Bloodrage,Movie,1980.0,Horror,,,,
8,tt0078935,Cannibal Holocaust,Movie,1980.0,Horror,,,,
9,tt0073604,Rana: The Legend of Shadow Lake,Movie,1981.0,Horror,,,,
10,tt0073706,Shocking Asia,Movie,1981.0,Horror,,,,
11,tt0078871,Ratu Ilmu Hitam,Movie,1981.0,Horror,,,,
12,tt0078751,Alison's Birthday,Movie,1981.0,Horror,,,,
13,tt0080362,L'altro inferno,Movie,1981.0,Horror,,,,
14,tt0080440,Gatto nero,Movie,1981.0,Horror,,,,
15,tt0080607,Delusion,Movie,1981.0,Horror,,,,
16,tt0073537,Double Exposure,Movie,1982.0,Horror,,,,
17,tt0075035,Bakterion,Movie,1982.0,Horror,,,,
18,tt0080438,La bimba di Satana,Movie,1982.0,Horror,,,,
19,tt0080787,The Ghost Dance,Movie,1982.0,Horror,,,,
20,tt0082537,Humongous,Movie,1982.0,Horror,,,,
21,tt0082334,The Entity,Movie,1982.0,Horror,,,,
22,tt0082025,The Appointment,Movie,1982.0,Horror,,,,
23,tt0081432,Los ritos sexuales del diablo,Movie,1982.0,Horror,,,,
24,tt0083146,Sweet Sixteen,Movie,1983.0,Horror,,,,
25,tt0082914,Play Dead,Movie,1983.0,Horror,,,,
26,tt0082379,The Final Terror,Movie,1983.0,Horror,,,,
27,tt0083973,Frightmare,Movie,1983.0,Horror,,,,
28,tt0082841,Olivia,Movie,1983.0,Horror,,,,
29,tt0083361,Jui gwai chat hung,Movie,1983.0,Horror,,,,
30,tt0084678,Shui jing ren,Movie,1983.0,Horror,,,,
31,tt0085233,La bestia y la espada mágica,Movie,1983.0,Horror,,,,
32,tt0073265,Lao Shan gui lian,Movie,1984.0,Horror,,,,
33,tt0081366,The Power,Movie,1984.0,Horror,,,,
34,tt0084107,"Héctor, el estigma del miedo",Movie,1984.0,Horror,,,,
35,tt0085364,El corazón de la noche,Movie,1984.0,Horror,,,,
36,tt0085628,Gui ma tian shi,Movie,1984.0,Horror,,,,
37,tt0085442,Disconnected,Movie,1984.0,Horror,,,,
38,tt0086176,Rats - Notte di terrore,Movie,1984.0,Horror,,,,
39,tt0086563,Vultures,Movie,1984.0,Horror,,,,
40,tt0068958,El misterio de Cynthia Baird,Movie,1985.0,Horror,,,,
41,tt0080583,Du zhou,Movie,1985.0,Horror,,,,
42,tt0086288,"7, Hyden Park: la casa maledetta",Movie,1985.0,Horror,,,,
43,tt0086849,Acosada,Movie,1985.0,Horror,,,,
44,tt0087909,Phenomena,Movie,1985.0,Horror,,,,
45,tt0087798,Night Train to Terror,Movie,1985.0,Horror,,,,
46,tt0089395,Kai xin gui: Fang shu jia,Movie,1985.0,Horror,,,,
47,tt0089850,Psycho Girls,Movie,1986.0,Horror,,,,
48,tt0088092,As Sete Vampiras,Movie,1986.0,Horror,,,,
49,tt0089993,The Serpent Warriors,Movie,1986.0,Horror,,,,
50,tt0088745,L'assassino è ancora tra noi,Movie,1986.0,Horror,,,,
51,tt0090057,Spookies,Movie,1986.0,Horror,,,,
52,tt0090364,Zangha,Movie,1986.0,Horror,,,,
53,tt0085253,Blood Rage,Movie,1987.0,Horror,,,,
54,tt0087319,Ge shi gui jian qing,Movie,1987.0,Horror,,,,
55,tt0089238,Gui xin niang,Movie,1987.0,Horror,,,,
56,tt0088959,Criminally Insane 2,Movie,1987.0,Horror,,,,
57,tt0090271,Vlci bouda,Movie,1987.0,Horror,,,,
58,tt0090644,Angustia,Movie,1987.0,Horror,,,,
59,tt0089561,Mask of Murder,Movie,1988.0,Horror,,,,
60,tt0088828,Bloody Wednesday,Movie,1988.0,Horror,,,,
61,tt0093090,La casa 3,Movie,1988.0,Horror,,,,
62,tt0092863,Deep Space,Movie,1988.0,Horror,,,,
63,tt0092853,Dear John,Movie,1988.0,Horror,,,,
64,tt0092254,Huet mui gwai,Movie,1988.0,Horror,,,,
65,tt0089452,Labirynt,Movie,1989.0,Horror,,,,
66,tt0091192,Hell High,Movie,1989.0,Horror,,,,
67,tt0094720,Bees Saal Baad,Movie,1989.0,Horror,,,,
68,tt0094271,Violent Shit,Movie,1989.0,Horror,,,,
69,tt0094693,B.O.R.N.,Movie,1989.0,Horror,,,,
70,tt0093523,Mang gwai dai ha,Movie,1989.0,Horror,,,,
71,tt0093211,Horrorshow,Short,1990.0,Horror,,,,
72,tt0094997,Demonia,Movie,1990.0,Horror,,,,
73,tt0096871,Baby Blood,Movie,1990.0,Horror,,,,
74,tt0096830,Aquí huele a muerto... (¡pues yo no he sido!),Movie,1990.0,Horror,,,,
75,tt0095878,Pledge Night,Movie,1990.0,Horror,,,,
76,tt0096954,Bloodmoon,Movie,1990.0,Horror,,,,
77,tt0097726,Legion of Iron,Movie,1990.0,Horror,,,,
78,tt0098136,Prom Night III: The Last Kiss,Movie,1990.0,Horror,,,,
79,tt0099180,Bride of Re-Animator,Movie,1990.0,Horror,,,,
80,tt0078006,Norman and the Killer,Short,1991.0,Horror,,,,
81,tt0100430,Psychic,Movie,1991.0,Horror,,,,
82,tt0100483,The Returning,Movie,1991.0,Horror,,,,
83,tt0100688,Steel and Lace,Movie,1991.0,Horror,,,,
84,tt0099059,The Arrival,Movie,1991.0,Horror,,,,
85,tt0099722,Gui zheng ren,Movie,1991.0,Horror,,,,
86,tt0099562,Fertilize the Blaspheming Bombshell,Movie,1992.0,Horror,,,,
87,tt0100108,La mansión de los Cthulhu,Movie,1992.0,Horror,,,,
88,tt0099757,Hei tai yang 731 xu ji zhi sha ren gong chang,Movie,1992.0,Horror,,,,
89,tt0101368,Severed Ties,Movie,1992.0,Horror,,,,
90,tt0101652,Dance Macabre,Movie,1992.0,Horror,,,,
91,tt0101493,Body Puzzle,Movie,1992.0,Horror,,,,
92,tt0101628,Critters 4,Movie,1992.0,Horror,,,,
93,tt0102222,Kiss and Be Killed,Movie,1993.0,Horror,,,,
94,tt0103743,Bat sin fan dim: Yan yuk cha siu bau,Movie,1993.0,Horror,,,,
95,tt0104053,Trauma,Movie,1993.0,Horror,,,,
96,tt0105883,Zai shi zhui hun,Movie,1993.0,Horror,,,,
97,tt0105785,Vortice mortale,Movie,1993.0,Horror,,,,
98,tt0100881,Voci dal profondo,Movie,1994.0,Horror,,,,
99,tt0106402,Beyond Bedlam,Movie,1994.0,Horror,,,,
100,tt0106983,Future Shock,Movie,1994.0,Horror,,,,
101,tt0106790,Eau de la vie,Short,1994.0,Horror,,,,
102,tt0109546,Temptress,Movie,1995.0,Horror,,,,
103,tt0109415,Children of the Corn III: Urban Harvest,Movie,1995.0,Horror,,,,
104,tt0109723,Embrace of the Vampire,Movie,1995.0,Horror,,,,
105,tt0110604,Témoin muet,Movie,1995.0,Horror,,,,
106,tt0111574,The Upstairs Neighbour,Movie,1995.0,Horror,,,,
107,tt0111464,Toughguy,Movie,1995.0,Horror,,,,
108,tt0111244,Sorceress,Movie,1995.0,Horror,,,,
0,tt0079120,Estigma,Movie,1980.0,Mystery,,,,
1,tt0080054,La tía Alejandra,Movie,1980.0,Mystery,,,,
2,tt0078546,"Ángela Morante, ¿crimen o suicidio?",Movie,1981.0,Mystery,,,,
3,tt0081435,Romaneto,Movie,1981.0,Mystery,,,,
4,tt0081315,Patrizia,Movie,1981.0,Mystery,,,,
5,tt0081513,Signé Furax,Movie,1981.0,Mystery,,,,
6,tt0082531,Hotel Villa Goerne,Movie,1982.0,Mystery,,,,
7,tt0081203,Murder by Phone,Movie,1982.0,Mystery,,,,
8,tt0082324,En el país de los pies ligeros,Movie,1982.0,Mystery,,,,
9,tt0082279,The Dorm That Dripped Blood,Movie,1982.0,Mystery,,,,
10,tt0082748,Mil gritos tiene la noche,Movie,1982.0,Mystery,,,,
11,tt0082278,La villa delle anime maledette,Movie,1982.0,Mystery,,,,
12,tt0082285,Double Deal,Movie,1983.0,Mystery,,,,
13,tt0083811,Delitto carnale,Movie,1983.0,Mystery,,,,
14,tt0083558,Angae maeul,Movie,1983.0,Mystery,,,,
15,tt0085965,Motel,Movie,1984.0,Mystery,,,,
16,tt0086162,Quest,Short,1984.0,Mystery,,,,
17,tt0086343,Sotto il vestito niente,Movie,1985.0,Mystery,,,,
18,tt0089283,The Holcroft Covenant,Movie,1985.0,Mystery,,,,
19,tt0087512,La joven y la tentación,Movie,1986.0,Mystery,,,,
20,tt0089409,Keeping Track,Movie,1986.0,Mystery,,,,
21,tt0090086,Strannaya istoriya doktora Dzhekila i mistera Khayda,Movie,1986.0,Mystery,,,,
22,tt0088920,Chuzhie zdes ne khodyat,Movie,1986.0,Mystery,,,,
23,tt0089857,Pyat minut strakha,Movie,1986.0,Mystery,,,,
24,tt0088872,El cafre,Movie,1986.0,Mystery,,,,
25,tt0089151,Flagrant désir,Movie,1986.0,Mystery,,,,
26,tt0089678,New Delhi Times,Movie,1986.0,Mystery,,,,
27,tt0090978,Duma Vez por Todas,Movie,1987.0,Mystery,,,,
28,tt0090689,Balada da Praia dos Cães,Movie,1987.0,Mystery,,,,
29,tt0092840,Dead Aim,Movie,1987.0,Mystery,,,,
30,tt0092632,The Believers,Movie,1987.0,Mystery,,,,
31,tt0092847,Deadly Illusion,Movie,1987.0,Mystery,,,,
32,tt0092879,Desyat negrityat,Movie,1987.0,Mystery,,,,
33,tt0092588,Association de malfaiteurs,Movie,1987.0,Mystery,,,,
34,tt0092961,Os Emissários de Khalôm,Movie,1988.0,Mystery,,,,
35,tt0094627,Al filo del hacha,Movie,1988.0,Mystery,,,,
36,tt0092577,Arabella l'angelo nero,Movie,1989.0,Mystery,,,,
37,tt0094709,La bande des quatre,Movie,1989.0,Mystery,,,,
38,tt0094949,Dark Bar,Movie,1989.0,Mystery,,,,
39,tt0095400,The Jigsaw Murders,Movie,1989.0,Mystery,,,,
40,tt0092589,Astonished,Movie,1990.0,Mystery,,,,
41,tt0096177,Still Life,Movie,1990.0,Mystery,,,,
42,tt0097573,In the Cold of the Night,Movie,1990.0,Mystery,,,,
43,tt0099397,Defenseless,Movie,1991.0,Mystery,,,,
44,tt0100338,Passion's Flower,Movie,1991.0,Mystery,,,,
45,tt0099723,O Gémeo Diferente,Short,1991.0,Mystery,,,,
46,tt0101404,The Ballad of the Sad Cafe,Movie,1991.0,Mystery,,,,
47,tt0102238,Krov za krov,Movie,1991.0,Mystery,,,,
48,tt0101625,Once Upon a Crime...,Movie,1992.0,Mystery,,,,
49,tt0098707,Ji hap chong see: Gung sam,Movie,1993.0,Mystery,,,,
50,tt0103124,Tropical Heat,Movie,1993.0,Mystery,,,,
51,tt0103968,Chyornyy kvadrat,Movie,1993.0,Mystery,,,,
52,tt0086847,Access Code,Movie,1994.0,Mystery,,,,
53,tt0106261,Los amigos del muerto,Short,1994.0,Mystery,,,,
54,tt0108045,Game of Love,Movie,1994.0,Mystery,,,,
55,tt0109028,Á köldum klaka,Movie,1995.0,Mystery,,,,
56,tt0109264,The Bicyclist,Short,1995.0,Mystery,,,,
57,tt0109642,Dolores Claiborne,Movie,1995.0,Mystery,,,,
58,tt0110217,Jupiter's Wife,Movie,1995.0,Mystery,,,,
59,tt0111151,Mad Dogs and Englishmen,Movie,1995.0,Mystery,,,,
60,tt0111269,Die Knickerbocker-Bande: Das sprechende Grab,Movie,1995.0,Mystery,,,,
0,tt0079258,Habfürdö,Movie,1980.0,Romance,,,,
1,tt0079014,Cuentos eróticos,Movie,1980.0,Romance,,,,
2,tt0079579,Moskva slezam ne verit,Movie,1980.0,Romance,,,,
3,tt0079835,S lyubimymi ne rasstavaytes,Movie,1980.0,Romance,,,,
4,tt0077648,"Habibi, amor mío",Movie,1981.0,Romance,,,,
5,tt0080541,Clara et les Chics Types,Movie,1981.0,Romance,,,,
6,tt0080563,Conversa Acabada,Movie,1981.0,Romance,,,,
7,tt0080376,Barsaat Ki Ek Raat,Movie,1981.0,Romance,,,,
8,tt0080591,Damy priglashayut kavalerov,Movie,1981.0,Romance,,,,
9,tt0080883,Kapax del Amazonas,Movie,1982.0,Romance,,,,
10,tt0082773,Mouche,Movie,1982.0,Romance,,,,
11,tt0082361,Der Fan,Movie,1982.0,Romance,,,,
12,tt0081717,A Vida É Bela?!,Movie,1982.0,Romance,,,,
13,tt0082601,Kamata kôshinkyoku,Movie,1982.0,Romance,,,,
14,tt0080693,Altri desideri particolari,Movie,1983.0,Romance,,,,
15,tt0081199,Mundo mágico,Movie,1983.0,Romance,,,,
16,tt0084151,"Io, Chiara e lo scuro",Movie,1983.0,Romance,,,,
17,tt0084085,L'homme blessé,Movie,1983.0,Romance,,,,
18,tt0083547,American Taboo,Movie,1983.0,Romance,,,,
19,tt0083357,Zasieki,Movie,1983.0,Romance,,,,
20,tt0085227,Belye rosy,Movie,1984.0,Romance,,,,
21,tt0085251,Blondinka za uglom,Movie,1984.0,Romance,,,,
22,tt0085268,Boszorkányszombat,Movie,1984.0,Romance,,,,
23,tt0085320,Champions,Movie,1984.0,Romance,,,,
24,tt0085416,The Dark Side to Love,Movie,1984.0,Romance,,,,
25,tt0086030,O strannostyakh lyubvi,Movie,1985.0,Romance,,,,
26,tt0086330,Sogni erotici di Cleopatra,Movie,1985.0,Romance,,,,
27,tt0086868,L'alcova,Movie,1985.0,Romance,,,,
28,tt0086866,"Al limite, cioè, non glielo dico",Movie,1985.0,Romance,,,,
29,tt0086854,"Adiós, Roberto",Movie,1985.0,Romance,,,,
30,tt0088222,Taifû kurabu,Movie,1985.0,Romance,,,,
31,tt0088952,Crystal Heart,Movie,1986.0,Romance,,,,
32,tt0089064,Dziewczeta z Nowolipek,Movie,1986.0,Romance,,,,
33,tt0089976,Schwarz und ohne Zucker,Movie,1986.0,Romance,,,,
34,tt0089954,Salon krasoty,Movie,1986.0,Romance,,,,
35,tt0087084,Contactos,Movie,1986.0,Romance,,,,
36,tt0088339,Vaudeville,Movie,1986.0,Romance,,,,
37,tt0087301,Fu rong zhen,Movie,1987.0,Romance,,,,
38,tt0089089,En penumbra,Movie,1987.0,Romance,,,,
39,tt0090565,4 aventures de Reinette et Mirabelle,Movie,1987.0,Romance,,,,
40,tt0090570,84 Charing Cross Road,Movie,1987.0,Romance,,,,
41,tt0092294,Zolotaya tsep,Movie,1988.0,Romance,,,,
42,tt0092553,Los amores de Kafka,Movie,1988.0,Romance,,,,
43,tt0092559,And God Created Woman,Movie,1988.0,Romance,,,,
44,tt0093371,Kung-fu master!,Movie,1988.0,Romance,,,,
45,tt0092604,Baby Blues,Movie,1988.0,Romance,,,,
46,tt0092931,Drôle d'endroit pour une rencontre,Movie,1988.0,Romance,,,,
47,tt0092903,Bille en tête,Movie,1989.0,Romance,,,,
48,tt0094236,Valentino Returns,Movie,1989.0,Romance,,,,
49,tt0092131,Un tour de manège,Movie,1989.0,Romance,,,,
50,tt0094314,West Is West,Movie,1989.0,Romance,,,,
51,tt0093944,Sat sau woo dip mung,Movie,1989.0,Romance,,,,
52,tt0096025,Sailors Don't Cry,Movie,1990.0,Romance,,,,
53,tt0099027,Amelia Lópes O'Neill,Movie,1991.0,Romance,,,,
54,tt0100342,Payback,Movie,1991.0,Romance,,,,
55,tt0100303,L'opération Corned Beef,Movie,1991.0,Romance,,,,
56,tt0100327,Panny i wdowy,Movie,1991.0,Romance,,,,
57,tt0100457,Rama Dama,Movie,1991.0,Romance,,,,
58,tt0099192,Bush Pilots,Movie,1992.0,Romance,,,,
59,tt0101953,The Girl Who Came Late,Movie,1992.0,Romance,,,,
60,tt0101262,Aasmaan Se Gira,Movie,1992.0,Romance,,,,
61,tt0101499,Bordertown Cafe,Movie,1992.0,Romance,,,,
62,tt0102385,The Man Without a World,Movie,1992.0,Romance,,,,
63,tt0102448,Ming yuet chiu Zim Dung,Movie,1992.0,Romance,,,,
64,tt0103607,Abang '92,Movie,1992.0,Romance,,,,
65,tt0101996,Hammers Over the Anvil,Movie,1993.0,Romance,,,,
66,tt0104809,Ein Mann für jede Tonart,Movie,1993.0,Romance,,,,
67,tt0103792,"Belyy korol, krasnaya koroleva (Russkie)",Movie,1993.0,Romance,,,,
68,tt0097416,Kadhalan,Movie,1994.0,Romance,,,,
69,tt0107834,La delegazione,Movie,1994.0,Romance,,,,
70,tt0107677,Nexus 2.431,Movie,1994.0,Romance,,,,
71,tt0109363,Seeking the Cafe Bob,Movie,1995.0,Romance,,,,
72,tt0109489,Costa Brava,Movie,1995.0,Romance,,,,
73,tt0109242,El beso perfecto,Short,1995.0,Romance,,,,
0,tt0078508,Wolf Lake,Movie,1980.0,Thriller,,,,
1,tt0078805,Attentatet,Movie,1980.0,Thriller,,,,
2,tt0078895,The Border,Movie,1980.0,Thriller,,,,
3,tt0079145,La femme flic,Movie,1980.0,Thriller,,,,
4,tt0078053,Ópalo de fuego: Mercaderes del sexo,Movie,1980.0,Thriller,,,,
5,tt0079181,Fuego en el mar,Movie,1981.0,Thriller,,,,
6,tt0079341,El infierno de todos tan temido,Movie,1981.0,Thriller,,,,
7,tt0079706,Paydirt,Movie,1981.0,Thriller,,,,
8,tt0080608,Demasiado para Gálvez,Movie,1981.0,Thriller,,,,
9,tt0080915,Image of the Beast,Movie,1981.0,Thriller,,,,
10,tt0082504,Haathkadi,Movie,1982.0,Thriller,,,,
11,tt0082342,"Espion, lève-toi",Movie,1982.0,Thriller,,,,
12,tt0083906,Eureka,Movie,1983.0,Thriller,,,,
13,tt0083581,Asalto al Banco Central,Movie,1983.0,Thriller,,,,
14,tt0084158,J'ai épousé une ombre,Movie,1983.0,Thriller,,,,
15,tt0085528,Les fauves,Movie,1984.0,Thriller,,,,
16,tt0085627,I guerrieri dell'anno 2072,Movie,1984.0,Thriller,,,,
17,tt0085645,Hanyatt-homlok,Movie,1984.0,Thriller,,,,
18,tt0085420,Delitto in Formula Uno,Movie,1984.0,Thriller,,,,
19,tt0087882,Parfait amour,Movie,1985.0,Thriller,,,,
20,tt0086931,Bahía blanca,Movie,1985.0,Thriller,,,,
21,tt0087942,Prime Risk,Movie,1985.0,Thriller,,,,
22,tt0087344,Godzilla 1985,Movie,1985.0,Thriller,,,,
23,tt0089923,Robachicos,Movie,1986.0,Thriller,,,,
24,tt0088809,Birds of Prey,Movie,1986.0,Thriller,,,,
25,tt0089499,Lola,Movie,1986.0,Thriller,,,,
26,tt0089118,F/X,Movie,1986.0,Thriller,,,,
27,tt0089972,Schmutz,Movie,1987.0,Thriller,,,,
28,tt0090738,Black Widow,Movie,1987.0,Thriller,,,,
29,tt0090765,Boran - Zeit zum Zielen,Movie,1987.0,Thriller,,,,
30,tt0092771,El complot dels anells,Movie,1988.0,Thriller,,,,
31,tt0092966,En toute innocence,Movie,1988.0,Thriller,,,,
32,tt0094710,Bangkok Story,Movie,1989.0,Thriller,,,,
33,tt0093662,Object of Desire,Movie,1990.0,Thriller,,,,
34,tt0094666,Any Man's Death,Movie,1990.0,Thriller,,,,
35,tt0094857,Chi se da feng bao,Movie,1990.0,Thriller,,,,
36,tt0099587,Flight of the Intruder,Movie,1991.0,Thriller,,,,
37,tt0099577,Firehead,Movie,1991.0,Thriller,,,,
38,tt0097928,Murder Blues,Movie,1991.0,Thriller,,,,
39,tt0100111,Los mares del sur,Movie,1992.0,Thriller,,,,
40,tt0101860,Fatal Instinct,Movie,1992.0,Thriller,,,,
41,tt0102000,"Happy Birthday, Türke!",Movie,1992.0,Thriller,,,,
42,tt0101395,Backsliding,Movie,1992.0,Thriller,,,,
43,tt0101759,A Woman's Secret,Movie,1992.0,Thriller,,,,
44,tt0101736,Diplomatic Immunity,Movie,1992.0,Thriller,,,,
45,tt0102253,El laberinto griego,Movie,1993.0,Thriller,,,,
46,tt0104683,Laser Moon,Movie,1993.0,Thriller,,,,
47,tt0102821,Russian Holiday,Movie,1993.0,Thriller,,,,
48,tt0104807,Maang lui 72 siu si,Movie,1993.0,Thriller,,,,
49,tt0103022,In a Moment of Passion,Movie,1993.0,Thriller,,,,
50,tt0105054,Sul filo del rasoio,Movie,1994.0,Thriller,,,,
51,tt0105230,Redheads,Movie,1994.0,Thriller,,,,
52,tt0105463,April One,Movie,1994.0,Thriller,,,,
53,tt0106946,Forced to Kill,Movie,1994.0,Thriller,,,,
54,tt0106874,Fatal Past,Movie,1994.0,Thriller,,,,
55,tt0106479,Breaking Point,Movie,1994.0,Thriller,,,,
56,tt0095102,Les ennemis de la mafia,Movie,1995.0,Thriller,,,,
57,tt0109034,Above Suspicion,Movie,1995.0,Thriller,,,,
58,tt0109532,Dangerous Indiscretion,Movie,1995.0,Thriller,,,,
