idOwner,Title,Type,Year,Genre,title,type,year,genre
tt0077634,The Great Skycopter Rescue,Movie,1980.0,Action,,,,
tt0076709,Si wang ta,Movie,1980.0,Action,,,,
tt0078428,Shao Lin yu Wu Dang,Movie,1980.0,Action,,,,
tt0077645,Mie jue qi qi,Movie,1980.0,Action,,,,
tt0079106,L'empreinte des géants,Movie,1980.0,Action,,,,
tt0078941,Carlos el terrorista,Movie,1980.0,Action,,,,
tt0078726,Ba jue,Movie,1980.0,Action,,,,
tt0078918,The Bushido Blade,Movie,1981.0,Action,,,,
tt0079712,Perro callejero II,Movie,1981.0,Action,,,,
tt0079896,She diao ying xiong chuan san ji,Movie,1981.0,Action,,,,
tt0079888,Shang Hai Tan da ye,Movie,1981.0,Action,,,,
tt0080501,Car Crash,Movie,1981.0,Action,,,,
tt0080441,Asalto al casino,Movie,1981.0,Action,,,,
tt0080514,Chakra,Movie,1981.0,Action,,,,
tt0080481,Burning Rubber,Movie,1981.0,Action,,,,
tt0079899,Shen diao xia lü,Movie,1982.0,Action,,,,
tt0080872,Highpoint,Movie,1982.0,Action,,,,
tt0082133,Caligola: La storia mai raccontata,Movie,1982.0,Action,,,,
tt0082338,Turkey Shoot,Movie,1982.0,Action,,,,
tt0082673,Long de ying zi,Movie,1982.0,Action,,,,
tt0082250,Death Wish II,Movie,1982.0,Action,,,,
tt0082532,How Sleep the Brave,Movie,1982.0,Action,,,,
tt0078393,Tian can bian,Movie,1983.0,Action,,,,
tt0082566,Intrusion: Cambodia,Movie,1983.0,Action,,,,
tt0083062,Shao Lin yu Wu Dang,Movie,1983.0,Action,,,,
tt0084256,Yang guo yu xiao long nu,Movie,1983.0,Action,,,,
tt0084297,Man tian shen fo,Movie,1983.0,Action,,,,
tt0084540,Le prix du danger,Movie,1983.0,Action,,,,
tt0084836,"USA, violación y venganza",Movie,1983.0,Action,,,,
tt0083061,Shang Hai tan: Shi san tai bao,Movie,1984.0,Action,,,,
tt0083541,Alley Cat,Movie,1984.0,Action,,,,
tt0085289,Canicule,Movie,1984.0,Action,,,,
tt0085454,Don Camillo,Movie,1984.0,Action,,,,
tt0085312,Les cavaliers de l'orage,Movie,1984.0,Action,,,,
tt0084279,Luna de sangre,Movie,1984.0,Action,,,,
tt0085460,Dreptate în lanturi,Movie,1984.0,Action,,,,
tt0085540,L'ultimo guerriero,Movie,1984.0,Action,,,,
tt0084738,Fan wan di,Movie,1984.0,Action,,,,
tt0083509,24 Hours to Midnight,Movie,1985.0,Action,,,,
tt0086566,Walking the Edge,Movie,1985.0,Action,,,,
tt0088137,Sloane,Movie,1985.0,Action,,,,
tt0087130,DEFCON-4,Movie,1985.0,Action,,,,
tt0066151,Ninja Destroyer,Movie,1986.0,Action,,,,
tt0081236,Ninja Champion,Movie,1986.0,Action,,,,
tt0084668,Da Shang Hai 1937,Movie,1986.0,Action,,,,
tt0086930,Bad Girls Dormitory,Movie,1986.0,Action,,,,
tt0089861,Qi yuan,Movie,1986.0,Action,,,,
tt0087368,Gruz bez markirovki,Movie,1986.0,Action,,,,
tt0089930,Roller Blade,Movie,1986.0,Action,,,,
tt0090170,Thunder II,Movie,1987.0,Action,,,,
tt0088962,Crime Killer,Movie,1987.0,Action,,,,
tt0090302,Wai Si-Lei chuen kei,Movie,1987.0,Action,,,,
tt0089563,Masterblaster,Movie,1987.0,Action,,,,
tt0091012,Equalizer 2000,Movie,1987.0,Action,,,,
tt0090847,City of Shadows,Movie,1987.0,Action,,,,
tt0090956,Dung fong tuk ying,Movie,1987.0,Action,,,,
tt0090902,The Danger Zone,Movie,1987.0,Action,,,,
tt0090587,Guo jiang,Movie,1988.0,Action,,,,
tt0092841,Dead Man Walking,Movie,1988.0,Action,,,,
tt0092787,Escuadrón,Movie,1988.0,Action,,,,
tt0093171,Hell Comes to Frogtown,Movie,1988.0,Action,,,,
tt0091285,Java Burn,Movie,1988.0,Action,,,,
tt0093983,Skeleton Coast,Movie,1988.0,Action,,,,
tt0092582,The Arrogant,Movie,1988.0,Action,,,,
tt0093663,The Occultist,Movie,1988.0,Action,,,,
tt0090334,Wizards of the Lost Kingdom II,Movie,1989.0,Action,,,,
tt0094386,Zui hou de feng kuang,Movie,1989.0,Action,,,,
tt0094384,Zombie vs. Ninja,Movie,1989.0,Action,,,,
tt0094607,Accidents,Movie,1989.0,Action,,,,
tt0092531,Alien Private Eye,Movie,1989.0,Action,,,,
tt0094620,After Death (Oltre la morte),Movie,1989.0,Action,,,,
tt0090869,Comando terrorista,Movie,1990.0,Action,,,,
tt0092926,Dragon Hunt,Movie,1990.0,Action,,,,
tt0094376,Huang jia shi jie zhi: Zhong jian ren,Movie,1990.0,Action,,,,
tt0094004,Soldier of Fortune,Movie,1990.0,Action,,,,
tt0093989,Xian sha lu,Movie,1990.0,Action,,,,
tt0095095,Emperor of the Bronx,Movie,1990.0,Action,,,,
tt0095290,Hei hai ba wang hua,Movie,1990.0,Action,,,,
tt0096469,Wu ye tian shi,Movie,1990.0,Action,,,,
tt0094926,Curse of the Crystal Eye,Movie,1991.0,Action,,,,
tt0097318,Eye of the Widow,Movie,1991.0,Action,,,,
tt0097864,Meng gui hu li jing,Movie,1991.0,Action,,,,
tt0095335,Gun gun hong chun,Movie,1992.0,Action,,,,
tt0097064,Circle of Fear,Movie,1992.0,Action,,,,
tt0099814,Hurricane Smith,Movie,1992.0,Action,,,,
tt0099793,Hong tian huang jia jiang,Movie,1992.0,Action,,,,
tt0100195,Sha qiu zhan shi,Movie,1992.0,Action,,,,
tt0101828,Eternal Fist,Movie,1992.0,Action,,,,
tt0101288,Al filo de la ley,Movie,1992.0,Action,,,,
tt0102073,Humlaa,Movie,1992.0,Action,,,,
tt0096090,Leung seung ching yuen,Movie,1993.0,Action,,,,
tt0101928,Full Impact,Movie,1993.0,Action,,,,
tt0105881,Magkasangga 2000,Movie,1995.0,Action,,,,
tt0109178,Automatic,Movie,1995.0,Action,,,,
tt0109033,Abducted II: The Reunion,Movie,1995.0,Action,,,,
tt0109536,The Dangerous,Movie,1995.0,Action,,,,
tt0068745,Intime Liebschaften,Movie,1980.0,Comedy,,,,
tt0075332,"Zärtlich, aber frech wie Oskar",Movie,1980.0,Comedy,,,,
tt0076464,You ni mei ni,Movie,1980.0,Comedy,,,,
tt0076580,Qian zuo guai,Movie,1980.0,Comedy,,,,
tt0077367,Consultorio sexológico,Movie,1980.0,Comedy,,,,
tt0077428,It Rained All Night the Day I Left,Movie,1980.0,Comedy,,,,
tt0077883,Lásky mezi kapkami deste,Movie,1980.0,Comedy,,,,
tt0078853,"Car-Napping - Bestellt, geklaut, geliefert",Movie,1980.0,Comedy,,,,
tt0078304,Sowizdrzal swietokrzyski,Movie,1980.0,Comedy,,,,
tt0072173,Malibu Hot Summer,Movie,1981.0,Comedy,,,,
tt0075816,Casta e pura,Movie,1981.0,Comedy,,,,
tt0079396,"Kenn' ich, weiß ich, war ich schon!",Movie,1981.0,Comedy,,,,
tt0079650,"Okey, Mister Pancho",Movie,1981.0,Comedy,,,,
tt0076041,Flush,Movie,1982.0,Comedy,,,,
tt0077731,Messo comunale praticamente spione,Movie,1982.0,Comedy,,,,
tt0077885,Mademoiselle,Movie,1982.0,Comedy,,,,
tt0078411,Totul pentru fotbal,Movie,1982.0,Comedy,,,,
tt0078834,Beach House,Movie,1982.0,Comedy,,,,
tt0079720,El regreso de Eva Man,Movie,1982.0,Comedy,,,,
tt0080393,Attila flagello di Dio,Movie,1982.0,Comedy,,,,
tt0080680,Los embarazados,Movie,1982.0,Comedy,,,,
tt0077173,Las apariencias engañan,Movie,1983.0,Comedy,,,,
tt0079509,Mi ni te gong dui,Movie,1983.0,Comedy,,,,
tt0079915,Skullduggery,Movie,1983.0,Comedy,,,,
tt0082788,México 2000,Movie,1983.0,Comedy,,,,
tt0083715,Thieves and Robbers,Movie,1983.0,Comedy,,,,
tt0083518,The Act,Movie,1983.0,Comedy,,,,
tt0083640,Beregite muzhchin!,Movie,1983.0,Comedy,,,,
tt0083592,Au clair de la lune,Movie,1983.0,Comedy,,,,
tt0082469,La gran quiniela,Movie,1984.0,Comedy,,,,
tt0081674,UFOria,Movie,1984.0,Comedy,,,,
tt0082670,"Los locos, locos carrozas",Movie,1984.0,Comedy,,,,
tt0083013,Réveillon chez Bob,Movie,1984.0,Comedy,,,,
tt0084533,Preppies,Movie,1984.0,Comedy,,,,
tt0082674,Long fa wei,Movie,1985.0,Comedy,,,,
tt0085455,Don Cipote de la Manga,Movie,1985.0,Comedy,,,,
tt0085860,Lola la trailera,Movie,1985.0,Comedy,,,,
tt0085437,Di zi ye feng kuang,Movie,1985.0,Comedy,,,,
tt0086595,Wo yuan yi,Movie,1985.0,Comedy,,,,
tt0087560,King Kongs Faust,Movie,1985.0,Comedy,,,,
tt0087978,El ratero de la vecindad II,Movie,1985.0,Comedy,,,,
tt0066020,7 xiao fu,Movie,1986.0,Comedy,,,,
tt0085690,Hot Money,Movie,1986.0,Comedy,,,,
tt0086025,Los nuevos curanderos,Movie,1986.0,Comedy,,,,
tt0086028,Nägel mit Köpfen,Movie,1986.0,Comedy,,,,
tt0087945,Prison Ship,Movie,1986.0,Comedy,,,,
tt0088468,L'étincelle,Movie,1986.0,Comedy,,,,
tt0085708,I Married a Vampire,Movie,1987.0,Comedy,,,,
tt0089727,On se calme et on boit frais à Saint-Tropez,Movie,1987.0,Comedy,,,,
tt0086964,Le big-Bang,Movie,1987.0,Comedy,,,,
tt0089758,Outtakes,Movie,1987.0,Comedy,,,,
tt0089878,Rainbow War,Short,1987.0,Comedy,,,,
tt0081766,The Wizard of Speed and Time,Movie,1988.0,Comedy,,,,
tt0089280,Hobgoblins,Movie,1988.0,Comedy,,,,
tt0090681,Ba wang nu fu xing,Movie,1988.0,Comedy,,,,
tt0091158,Gui meng jiao,Movie,1988.0,Comedy,,,,
tt0092773,La comédie du travail,Movie,1988.0,Comedy,,,,
tt0092503,A.D.A.M.,Movie,1988.0,Comedy,,,,
tt0064820,The Plot Against Harry,Movie,1989.0,Comedy,,,,
tt0080828,Gui yao gui,Movie,1989.0,Comedy,,,,
tt0080755,Foutaises,Short,1989.0,Comedy,,,,
tt0087634,Locas vacaciones,Movie,1989.0,Comedy,,,,
tt0093268,Interzone,Movie,1989.0,Comedy,,,,
tt0094735,Beyond Gravity,Movie,1989.0,Comedy,,,,
tt0094123,Terror Eyes,Movie,1989.0,Comedy,,,,
tt0091899,O Escorpião Escarlate,Movie,1990.0,Comedy,,,,
tt0095840,Payback,Movie,1990.0,Comedy,,,,
tt0097253,Dezha vyu,Movie,1990.0,Comedy,,,,
tt0096506,Zhong Ri nan bei he,Movie,1990.0,Comedy,,,,
tt0088267,Tian di xuan men,Movie,1991.0,Comedy,,,,
tt0093309,Jiang shi zhi zun,Movie,1991.0,Comedy,,,,
tt0092984,Esto es un atraco,Movie,1991.0,Comedy,,,,
tt0097122,Um Crime de Luxo,Movie,1991.0,Comedy,,,,
tt0097111,"Vai Trabalhar, Vagabundo II",Movie,1991.0,Comedy,,,,
tt0096154,Spies Inc.,Movie,1992.0,Comedy,,,,
tt0097775,Long hang tian xia,Movie,1992.0,Comedy,,,,
tt0099089,Back to the USSR - takaisin Ryssiin,Movie,1992.0,Comedy,,,,
tt0098965,Little Ninjas,Movie,1993.0,Comedy,,,,
tt0103592,1/3 qing ren,Movie,1993.0,Comedy,,,,
tt0101644,Dai lau Gwong Cheong Lung,Movie,1993.0,Comedy,,,,
tt0103951,Cheng shi nu lie ren,Movie,1993.0,Comedy,,,,
tt0103770,Barmherzige Schwestern,Movie,1993.0,Comedy,,,,
tt0102952,Prima Donnas,Movie,1995.0,Comedy,,,,
tt0101616,Coolie No. 1,Movie,1995.0,Comedy,,,,
tt0102532,Night Visions,Movie,1995.0,Comedy,,,,
tt0108576,Witch Academy,Movie,1995.0,Comedy,,,,
tt0107537,Mécaniques célestes,Movie,1995.0,Comedy,,,,
tt0075859,De draken van Bruce Lee,Movie,1980.0,Drama,,,,
tt0075631,Acto dos Feitos da Guiné,Movie,1980.0,Drama,,,,
tt0076043,Fontamara,Movie,1980.0,Drama,,,,
tt0076321,Liu he ba fa,Movie,1980.0,Drama,,,,
tt0076276,Ko to tamo peva,Movie,1980.0,Drama,,,,
tt0077366,Constelaciones,Movie,1980.0,Drama,,,,
tt0062181,Rece do góry,Movie,1981.0,Drama,,,,
tt0067100,Firecracker,Movie,1981.0,Drama,,,,
tt0075187,Seis pasajes al infierno,Movie,1981.0,Drama,,,,
tt0077389,D.F./Distrito Federal,Movie,1981.0,Drama,,,,
tt0076769,The Stowaway,Short,1981.0,Drama,,,,
tt0077472,Jie quan da dong kau,Movie,1981.0,Drama,,,,
tt0077960,Las muñecas del King Kong,Movie,1981.0,Drama,,,,
tt0078376,Tennessee Stallion,Movie,1982.0,Drama,,,,
tt0077722,A Ilha dos Amores,Movie,1982.0,Drama,,,,
tt0078769,"Amor, palavra prostituta",Movie,1982.0,Drama,,,,
tt0078178,Le rose et le blanc,Movie,1982.0,Drama,,,,
tt0079358,Han shan fei hu,Movie,1982.0,Drama,,,,
tt0079891,Shao Lin si,Movie,1982.0,Drama,,,,
tt0079799,Retrato de una mujer casada,Movie,1982.0,Drama,,,,
tt0080508,Cecilia,Movie,1982.0,Drama,,,,
tt0080554,Colegas,Movie,1982.0,Drama,,,,
tt0036606,"Another Time, Another Place",Movie,1983.0,Drama,,,,
tt0057461,La rosa de los vientos,Movie,1983.0,Drama,,,,
tt0065530,Le cercle des passions,Movie,1983.0,Drama,,,,
tt0077329,Bing xue qing guan ying xiong dan,Movie,1983.0,Drama,,,,
tt0079246,Guaguasi,Movie,1983.0,Drama,,,,
tt0080867,Hey Babe!,Movie,1983.0,Drama,,,,
tt0080824,Gu shou,Movie,1983.0,Drama,,,,
tt0082578,Putování Jana Amose,Movie,1983.0,Drama,,,,
tt0071261,Bástyasétány hetvennégy,Movie,1984.0,Drama,,,,
tt0080570,Cruz de olvido,Movie,1984.0,Drama,,,,
tt0081716,Qing ren kan dao,Movie,1984.0,Drama,,,,
tt0082972,Rare Breed,Movie,1984.0,Drama,,,,
tt0083969,Die Frau mit dem roten Hut,Movie,1984.0,Drama,,,,
tt0084384,Naitou l'orpheline,Movie,1984.0,Drama,,,,
tt0084388,Napló gyermekeimnek,Movie,1984.0,Drama,,,,
tt0082491,Habanera,Movie,1984.0,Drama,,,,
tt0083852,The Dream Chasers,Movie,1984.0,Drama,,,,
tt0075745,Beyond Reason,Movie,1985.0,Drama,,,,
tt0084324,Meri Jung,Movie,1985.0,Drama,,,,
tt0085155,Amada,Movie,1985.0,Drama,,,,
tt0085185,Atrapados en el miedo,Movie,1985.0,Drama,,,,
tt0085309,El caso Matías,Movie,1985.0,Drama,,,,
tt0067625,Proverka na dorogakh,Movie,1986.0,Drama,,,,
tt0086021,A Noite e a Madrugada,Movie,1986.0,Drama,,,,
tt0085986,Le médecin de Gafire,Movie,1986.0,Drama,,,,
tt0086909,L'araignée de satin,Movie,1986.0,Drama,,,,
tt0087210,Epizod Berlin West,Movie,1986.0,Drama,,,,
tt0087944,The Princess and the Call Girl,Movie,1986.0,Drama,,,,
tt0067694,Die Russen kommen,Movie,1987.0,Drama,,,,
tt0076900,Vtoraya popytka Viktora Krokhina,Movie,1987.0,Drama,,,,
tt0084549,Przypadek,Movie,1987.0,Drama,,,,
tt0084460,P.K. and the Kid,Movie,1987.0,Drama,,,,
tt0085916,Matka Królów,Movie,1987.0,Drama,,,,
tt0086584,Wierna rzeka,Movie,1987.0,Drama,,,,
tt0086836,1000-nen kizami no hidokei,Movie,1987.0,Drama,,,,
tt0072818,Contra la pared,Movie,1988.0,Drama,,,,
tt0082668,Lo que vendrá,Movie,1988.0,Drama,,,,
tt0088274,A Time to Remember,Movie,1988.0,Drama,,,,
tt0090292,Un maledetto soldato,Movie,1988.0,Drama,,,,
tt0065108,Tolko tri nochi,Movie,1989.0,Drama,,,,
tt0083731,Chasing Dreams,Movie,1989.0,Drama,,,,
tt0084548,Przesluchanie,Movie,1989.0,Drama,,,,
tt0087374,The Gunrunner,Movie,1989.0,Drama,,,,
tt0088900,Champagne amer,Movie,1989.0,Drama,,,,
tt0089996,Qi pi liang,Movie,1989.0,Drama,,,,
tt0089382,Joshilaay,Movie,1989.0,Drama,,,,
tt0091234,The Humpty Dumpty Man,Movie,1989.0,Drama,,,,
tt0059325,Jahrgang 45,Movie,1990.0,Drama,,,,
tt0059900,"Wenn du groß bist, lieber Adam",Movie,1990.0,Drama,,,,
tt0065188,"Vojtech, receny sirotek",Movie,1990.0,Drama,,,,
tt0068494,Domo Arigato,Movie,1990.0,Drama,,,,
tt0075259,Spy Story,Movie,1990.0,Drama,,,,
tt0081721,Vincent et moi,Movie,1990.0,Drama,,,,
tt0090665,Asfour Stah,Movie,1990.0,Drama,,,,
tt0093646,Nonstop,Short,1990.0,Drama,,,,
tt0077432,Dip huet kei bing,Movie,1991.0,Drama,,,,
tt0084015,Goodbye Paradise,Movie,1991.0,Drama,,,,
tt0092507,Abhimanyu,Movie,1991.0,Drama,,,,
tt0094841,La casa del sorriso,Movie,1991.0,Drama,,,,
tt0094900,Committed,Movie,1991.0,Drama,,,,
tt0095111,El heroob,Movie,1991.0,Drama,,,,
tt0082891,Peep Show,Short,1992.0,Drama,,,,
tt0084447,Open House,Short,1992.0,Drama,,,,
tt0095761,La nuit de l'océan,Movie,1992.0,Drama,,,,
tt0096222,Tao xue wai zhuan,Movie,1992.0,Drama,,,,
tt0097631,Judgement,Movie,1992.0,Drama,,,,
tt0099104,Ng yuet yam seon,Movie,1992.0,Drama,,,,
tt0099437,Disha,Movie,1992.0,Drama,,,,
tt0099639,Coupable d'innocence ou Quand la raison dort,Movie,1992.0,Drama,,,,
tt0015724,Dama de noche,Movie,1993.0,Drama,,,,
tt0081145,Me and the Kid,Movie,1993.0,Drama,,,,
tt0084551,Pu ti you hun,Movie,1993.0,Drama,,,,
tt0091490,Martina's Playhouse,Short,1993.0,Drama,,,,
tt0095745,Ninja Vengeance,Movie,1993.0,Drama,,,,
tt0097984,Shen tong,Movie,1993.0,Drama,,,,
tt0099640,El general y la fiebre,Movie,1993.0,Drama,,,,
tt0099917,Kamen raidâ Zetto Ô,Movie,1993.0,Drama,,,,
tt0099996,Legacy,Movie,1993.0,Drama,,,,
tt0100267,Nobat e Asheghi,Movie,1995.0,Drama,,,,
tt0102739,¡Que vivan los crotos!,Movie,1995.0,Drama,,,,
tt0105096,Paraíso Perdido,Movie,1995.0,Drama,,,,
tt0105298,Running Wild,Movie,1995.0,Drama,,,,
tt0106616,Las cosas del querer 2ª parte,Movie,1995.0,Drama,,,,
tt0107070,Halbe Welt,Movie,1995.0,Drama,,,,
tt0079293,,,,,Hi no tori 2772: Ai no kosumozôn,Movie,1980.0,Fantasy
tt0079749,,,,,Alibaba Aur 40 Chor,Movie,1980.0,Fantasy
tt0079820,,,,,Le roi et l'oiseau,Movie,1980.0,Fantasy
tt0079760,,,,,O Príncipe com Orelhas de Burro,Movie,1980.0,Fantasy
tt0080539,,,,,Vrouwenstad,Movie,1980.0,Fantasy
tt0078349,,,,,Sekai meisaku dôwa: Hakuchô no mizûmi,Movie,1981.0,Fantasy
tt0079492,,,,,Lovespell,Movie,1981.0,Fantasy
tt0080495,,,,,La capilla ardiente,Movie,1981.0,Fantasy
tt0080531,,,,,Christmas Mountain,Movie,1981.0,Fantasy
tt0080667,,,,,Dumbrava minunata,Movie,1981.0,Fantasy
tt0080920,,,,,In the Shadow of the Sun,Movie,1981.0,Fantasy
tt0082263,,,,,The Devil and Max Devlin,Movie,1981.0,Fantasy
tt0083144,,,,,The Survivor,Movie,1981.0,Fantasy
tt0082762,,,,,Mo deng tian shi,Movie,1982.0,Fantasy
tt0082198,,,,,Conan the Barbarian,Movie,1982.0,Fantasy
tt0082323,,,,,The Emperor of Peru,Movie,1982.0,Fantasy
tt0084535,,,,,Der Prinz hinter den sieben Meeren,Movie,1982.0,Fantasy
tt0084225,,,,,Yin ji,Movie,1982.0,Fantasy
tt0083053,,,,,Sero hiki no Gôshu,Movie,1982.0,Fantasy
tt0082141,,,,,La casa de las siete tumbas,Movie,1982.0,Fantasy
tt0083863,,,,,Le démon dans l'île,Movie,1983.0,Fantasy
tt0084301,,,,,Mar brava,Movie,1983.0,Fantasy
tt0084781,,,,,El tesoro de las cuatro coronas,Movie,1983.0,Fantasy
tt0085132,,,,,Os Abismos da Meia-Noite,Movie,1983.0,Fantasy
tt0085182,,,,,Ars amandi,Movie,1983.0,Fantasy
tt0083853,,,,,Dreams Come True,Movie,1984.0,Fantasy
tt0085316,,,,,Cenerentola '80,Movie,1984.0,Fantasy
tt0085535,,,,,Feroz,Movie,1984.0,Fantasy
tt0084750,,,,,Sword of the Valiant: The Legend of Sir Gawain and the Green Knight,Movie,1984.0,Fantasy
tt0082335,,,,,This Unnameable Little Broom,Short,1985.0,Fantasy
tt0087449,,,,,I eshchyo odna noch Shakherazady,Movie,1985.0,Fantasy
tt0087731,,,,,S certy nejsou zerty,Movie,1985.0,Fantasy
tt0088023,,,,,Rumburak,Movie,1985.0,Fantasy
tt0087256,,,,,El filandón,Movie,1985.0,Fantasy
tt0089737,,,,,Orfeo,Movie,1985.0,Fantasy
tt0089731,,,,,One Magic Christmas,Movie,1985.0,Fantasy
tt0089818,,,,,Pohádka o Malíckovi,Movie,1986.0,Fantasy
tt0089831,,,,,"Posle dozhdichka, v chetverg",Movie,1986.0,Fantasy
tt0089911,,,,,Revenge of the Stolen Stars,Movie,1986.0,Fantasy
tt0090183,,,,,The Tomb,Movie,1986.0,Fantasy
tt0092834,,,,,Date with an Angel,Movie,1987.0,Fantasy
tt0092296,,,,,Zombie Brigade,Movie,1988.0,Fantasy
tt0093240,,,,,Ich und er,Movie,1988.0,Fantasy
tt0094595,,,,,1999 nen no natsu yasumi,Movie,1988.0,Fantasy
tt0094054,,,,,Strasidla z vikýre,Movie,1988.0,Fantasy
tt0093624,,,,,Night of the Demons,Movie,1988.0,Fantasy
tt0093295,,,,,Jane B. par Agnès V.,Movie,1988.0,Fantasy
tt0094849,,,,,Celia,Movie,1989.0,Fantasy
tt0094641,,,,,"Amanece, que no es poco",Movie,1989.0,Fantasy
tt0095210,,,,,Die Geschichte von der Gänseprinzessin und ihrem treuen Pferd Falada,Movie,1989.0,Fantasy
tt0095547,,,,,The Lords of Magick,Movie,1989.0,Fantasy
tt0095483,,,,,Pembalasan Ratu Pantai Selatan,Movie,1989.0,Fantasy
tt0095712,,,,,Nebojsa,Movie,1989.0,Fantasy
tt0096239,,,,,Teen Vamp,Movie,1989.0,Fantasy
tt0093210,,,,,La hora 24,Movie,1990.0,Fantasy
tt0094874,,,,,Chu tu qi bing,Movie,1990.0,Fantasy
tt0097638,,,,,Hoi sum gwai gau hoi sum gwai,Movie,1990.0,Fantasy
tt0099388,,,,,Deathstalker IV: Match of Titans,Movie,1991.0,Fantasy
tt0100289,,,,,Olle Hexe,Movie,1991.0,Fantasy
tt0099175,,,,,Sedem jednou ranou,Movie,1991.0,Fantasy
tt0100584,,,,,Sha ru di yu,Movie,1991.0,Fantasy
tt0100528,,,,,The Runestone,Movie,1991.0,Fantasy
tt0100016,,,,,La liberté d'une statue,Movie,1991.0,Fantasy
tt0099055,,,,,The Argon Quest,Movie,1992.0,Fantasy
tt0099330,,,,,Crystal Force,Movie,1992.0,Fantasy
tt0099524,,,,,Evil Toons,Movie,1992.0,Fantasy
tt0103206,,,,,La vida láctea,Movie,1993.0,Fantasy
tt0104643,,,,,Krvavý román,Movie,1993.0,Fantasy
tt0104855,,,,,Merlin,Movie,1993.0,Fantasy
tt0104029,,,,,Cronos,Movie,1993.0,Fantasy
tt0104584,,,,,Kacenka a zase ta strasidla,Movie,1993.0,Fantasy
tt0104128,,,,,Dos Fantasmas Sinverguenzas,Movie,1993.0,Fantasy
tt0104096,,,,,Mo nu 18,Movie,1993.0,Fantasy
tt0106346,,,,,El baile de las ánimas,Movie,1994.0,Fantasy
tt0106518,,,,,Capítulo 66,Short,1994.0,Fantasy
tt0107101,,,,,Hellbound,Movie,1994.0,Fantasy
tt0106761,,,,,Double Dragon,Movie,1994.0,Fantasy
tt0106558,,,,,Chinese Kamasutra,Movie,1994.0,Fantasy
tt0109400,,,,,Charlie's Ghost Story,Movie,1995.0,Fantasy
tt0109746,,,,,Esti Kornél csodálatos utazása,Movie,1995.0,Fantasy
tt0109905,,,,,Gladiator Cop,Movie,1995.0,Fantasy
tt0110252,,,,,Keita! L'héritage du griot,Movie,1995.0,Fantasy
tt0110826,,,,,The Phoenix and the Magic Carpet,Movie,1995.0,Fantasy
tt0111359,,,,,Tall Tale,Movie,1995.0,Fantasy
tt0074994,Tempyo no iraka,Movie,1980.0,Horror,,,,
tt0078113,Primitif,Movie,1980.0,Horror,,,,
tt0077567,The Sleep of Death,Movie,1980.0,Horror,,,,
tt0078791,Aquella casa en las afueras,Movie,1980.0,Horror,,,,
tt0078806,The Attic,Movie,1980.0,Horror,,,,
tt0078936,Mondo cannibale,Movie,1980.0,Horror,,,,
tt0078749,Alien 2 - Sulla Terra,Movie,1980.0,Horror,,,,
tt0078880,Bloodrage,Movie,1980.0,Horror,,,,
tt0078935,Cannibal Holocaust,Movie,1980.0,Horror,,,,
tt0073604,Rana: The Legend of Shadow Lake,Movie,1981.0,Horror,,,,
tt0073706,Shocking Asia,Movie,1981.0,Horror,,,,
tt0078871,Ratu Ilmu Hitam,Movie,1981.0,Horror,,,,
tt0078751,Alison's Birthday,Movie,1981.0,Horror,,,,
tt0080362,L'altro inferno,Movie,1981.0,Horror,,,,
tt0080440,Gatto nero,Movie,1981.0,Horror,,,,
tt0080607,Delusion,Movie,1981.0,Horror,,,,
tt0073537,Double Exposure,Movie,1982.0,Horror,,,,
tt0075035,Bakterion,Movie,1982.0,Horror,,,,
tt0080438,La bimba di Satana,Movie,1982.0,Horror,,,,
tt0080787,The Ghost Dance,Movie,1982.0,Horror,,,,
tt0082537,Humongous,Movie,1982.0,Horror,,,,
tt0082334,The Entity,Movie,1982.0,Horror,,,,
tt0082025,The Appointment,Movie,1982.0,Horror,,,,
tt0081432,Los ritos sexuales del diablo,Movie,1982.0,Horror,,,,
tt0083146,Sweet Sixteen,Movie,1983.0,Horror,,,,
tt0082914,Play Dead,Movie,1983.0,Horror,,,,
tt0082379,The Final Terror,Movie,1983.0,Horror,,,,
tt0083973,Frightmare,Movie,1983.0,Horror,,,,
tt0082841,Olivia,Movie,1983.0,Horror,,,,
tt0083361,Jui gwai chat hung,Movie,1983.0,Horror,,,,
tt0084678,Shui jing ren,Movie,1983.0,Horror,,,,
tt0085233,La bestia y la espada mágica,Movie,1983.0,Horror,,,,
tt0073265,Lao Shan gui lian,Movie,1984.0,Horror,,,,
tt0081366,The Power,Movie,1984.0,Horror,,,,
tt0084107,"Héctor, el estigma del miedo",Movie,1984.0,Horror,,,,
tt0085364,El corazón de la noche,Movie,1984.0,Horror,,,,
tt0085628,Gui ma tian shi,Movie,1984.0,Horror,,,,
tt0085442,Disconnected,Movie,1984.0,Horror,,,,
tt0086176,Rats - Notte di terrore,Movie,1984.0,Horror,,,,
tt0086563,Vultures,Movie,1984.0,Horror,,,,
tt0068958,El misterio de Cynthia Baird,Movie,1985.0,Horror,,,,
tt0080583,Du zhou,Movie,1985.0,Horror,,,,
tt0086288,"7, Hyden Park: la casa maledetta",Movie,1985.0,Horror,,,,
tt0086849,Acosada,Movie,1985.0,Horror,,,,
tt0087909,Phenomena,Movie,1985.0,Horror,,,,
tt0087798,Night Train to Terror,Movie,1985.0,Horror,,,,
tt0089395,Kai xin gui: Fang shu jia,Movie,1985.0,Horror,,,,
tt0089850,Psycho Girls,Movie,1986.0,Horror,,,,
tt0088092,As Sete Vampiras,Movie,1986.0,Horror,,,,
tt0089993,The Serpent Warriors,Movie,1986.0,Horror,,,,
tt0088745,L'assassino è ancora tra noi,Movie,1986.0,Horror,,,,
tt0090057,Spookies,Movie,1986.0,Horror,,,,
tt0090364,Zangha,Movie,1986.0,Horror,,,,
tt0085253,Blood Rage,Movie,1987.0,Horror,,,,
tt0087319,Ge shi gui jian qing,Movie,1987.0,Horror,,,,
tt0089238,Gui xin niang,Movie,1987.0,Horror,,,,
tt0088959,Criminally Insane 2,Movie,1987.0,Horror,,,,
tt0090271,Vlci bouda,Movie,1987.0,Horror,,,,
tt0090644,Angustia,Movie,1987.0,Horror,,,,
tt0089561,Mask of Murder,Movie,1988.0,Horror,,,,
tt0088828,Bloody Wednesday,Movie,1988.0,Horror,,,,
tt0093090,La casa 3,Movie,1988.0,Horror,,,,
tt0092863,Deep Space,Movie,1988.0,Horror,,,,
tt0092853,Dear John,Movie,1988.0,Horror,,,,
tt0092254,Huet mui gwai,Movie,1988.0,Horror,,,,
tt0089452,Labirynt,Movie,1989.0,Horror,,,,
tt0091192,Hell High,Movie,1989.0,Horror,,,,
tt0094720,Bees Saal Baad,Movie,1989.0,Horror,,,,
tt0094271,Violent Shit,Movie,1989.0,Horror,,,,
tt0094693,B.O.R.N.,Movie,1989.0,Horror,,,,
tt0093523,Mang gwai dai ha,Movie,1989.0,Horror,,,,
tt0093211,Horrorshow,Short,1990.0,Horror,,,,
tt0094997,Demonia,Movie,1990.0,Horror,,,,
tt0096871,Baby Blood,Movie,1990.0,Horror,,,,
tt0096830,Aquí huele a muerto... (¡pues yo no he sido!),Movie,1990.0,Horror,,,,
tt0095878,Pledge Night,Movie,1990.0,Horror,,,,
tt0096954,Bloodmoon,Movie,1990.0,Horror,,,,
tt0097726,Legion of Iron,Movie,1990.0,Horror,,,,
tt0098136,Prom Night III: The Last Kiss,Movie,1990.0,Horror,,,,
tt0099180,Bride of Re-Animator,Movie,1990.0,Horror,,,,
tt0078006,Norman and the Killer,Short,1991.0,Horror,,,,
tt0100430,Psychic,Movie,1991.0,Horror,,,,
tt0100483,The Returning,Movie,1991.0,Horror,,,,
tt0100688,Steel and Lace,Movie,1991.0,Horror,,,,
tt0099059,The Arrival,Movie,1991.0,Horror,,,,
tt0099722,Gui zheng ren,Movie,1991.0,Horror,,,,
tt0099562,Fertilize the Blaspheming Bombshell,Movie,1992.0,Horror,,,,
tt0100108,La mansión de los Cthulhu,Movie,1992.0,Horror,,,,
tt0099757,Hei tai yang 731 xu ji zhi sha ren gong chang,Movie,1992.0,Horror,,,,
tt0101368,Severed Ties,Movie,1992.0,Horror,,,,
tt0101652,Dance Macabre,Movie,1992.0,Horror,,,,
tt0101493,Body Puzzle,Movie,1992.0,Horror,,,,
tt0101628,Critters 4,Movie,1992.0,Horror,,,,
tt0102222,Kiss and Be Killed,Movie,1993.0,Horror,,,,
tt0103743,Bat sin fan dim: Yan yuk cha siu bau,Movie,1993.0,Horror,,,,
tt0104053,Trauma,Movie,1993.0,Horror,,,,
tt0105883,Zai shi zhui hun,Movie,1993.0,Horror,,,,
tt0105785,Vortice mortale,Movie,1993.0,Horror,,,,
tt0100881,Voci dal profondo,Movie,1994.0,Horror,,,,
tt0106402,Beyond Bedlam,Movie,1994.0,Horror,,,,
tt0106983,Future Shock,Movie,1994.0,Horror,,,,
tt0106790,Eau de la vie,Short,1994.0,Horror,,,,
tt0109546,Temptress,Movie,1995.0,Horror,,,,
tt0109415,Children of the Corn III: Urban Harvest,Movie,1995.0,Horror,,,,
tt0109723,Embrace of the Vampire,Movie,1995.0,Horror,,,,
tt0110604,Témoin muet,Movie,1995.0,Horror,,,,
tt0111574,The Upstairs Neighbour,Movie,1995.0,Horror,,,,
tt0111464,Toughguy,Movie,1995.0,Horror,,,,
tt0111244,Sorceress,Movie,1995.0,Horror,,,,
tt0079120,Estigma,Movie,1980.0,Mystery,,,,
tt0080054,La tía Alejandra,Movie,1980.0,Mystery,,,,
tt0078546,"Ángela Morante, ¿crimen o suicidio?",Movie,1981.0,Mystery,,,,
tt0081435,Romaneto,Movie,1981.0,Mystery,,,,
tt0081315,Patrizia,Movie,1981.0,Mystery,,,,
tt0081513,Signé Furax,Movie,1981.0,Mystery,,,,
tt0082531,Hotel Villa Goerne,Movie,1982.0,Mystery,,,,
tt0081203,Murder by Phone,Movie,1982.0,Mystery,,,,
tt0082324,En el país de los pies ligeros,Movie,1982.0,Mystery,,,,
tt0082279,The Dorm That Dripped Blood,Movie,1982.0,Mystery,,,,
tt0082748,Mil gritos tiene la noche,Movie,1982.0,Mystery,,,,
tt0082278,La villa delle anime maledette,Movie,1982.0,Mystery,,,,
tt0082285,Double Deal,Movie,1983.0,Mystery,,,,
tt0083811,Delitto carnale,Movie,1983.0,Mystery,,,,
tt0083558,Angae maeul,Movie,1983.0,Mystery,,,,
tt0085965,Motel,Movie,1984.0,Mystery,,,,
tt0086162,Quest,Short,1984.0,Mystery,,,,
tt0086343,Sotto il vestito niente,Movie,1985.0,Mystery,,,,
tt0089283,The Holcroft Covenant,Movie,1985.0,Mystery,,,,
tt0087512,La joven y la tentación,Movie,1986.0,Mystery,,,,
tt0089409,Keeping Track,Movie,1986.0,Mystery,,,,
tt0090086,Strannaya istoriya doktora Dzhekila i mistera Khayda,Movie,1986.0,Mystery,,,,
tt0088920,Chuzhie zdes ne khodyat,Movie,1986.0,Mystery,,,,
tt0089857,Pyat minut strakha,Movie,1986.0,Mystery,,,,
tt0088872,El cafre,Movie,1986.0,Mystery,,,,
tt0089151,Flagrant désir,Movie,1986.0,Mystery,,,,
tt0089678,New Delhi Times,Movie,1986.0,Mystery,,,,
tt0090978,Duma Vez por Todas,Movie,1987.0,Mystery,,,,
tt0090689,Balada da Praia dos Cães,Movie,1987.0,Mystery,,,,
tt0092840,Dead Aim,Movie,1987.0,Mystery,,,,
tt0092632,The Believers,Movie,1987.0,Mystery,,,,
tt0092847,Deadly Illusion,Movie,1987.0,Mystery,,,,
tt0092879,Desyat negrityat,Movie,1987.0,Mystery,,,,
tt0092588,Association de malfaiteurs,Movie,1987.0,Mystery,,,,
tt0092961,Os Emissários de Khalôm,Movie,1988.0,Mystery,,,,
tt0094627,Al filo del hacha,Movie,1988.0,Mystery,,,,
tt0092577,Arabella l'angelo nero,Movie,1989.0,Mystery,,,,
tt0094709,La bande des quatre,Movie,1989.0,Mystery,,,,
tt0094949,Dark Bar,Movie,1989.0,Mystery,,,,
tt0095400,The Jigsaw Murders,Movie,1989.0,Mystery,,,,
tt0092589,Astonished,Movie,1990.0,Mystery,,,,
tt0096177,Still Life,Movie,1990.0,Mystery,,,,
tt0097573,In the Cold of the Night,Movie,1990.0,Mystery,,,,
tt0099397,Defenseless,Movie,1991.0,Mystery,,,,
tt0100338,Passion's Flower,Movie,1991.0,Mystery,,,,
tt0099723,O Gémeo Diferente,Short,1991.0,Mystery,,,,
tt0101404,The Ballad of the Sad Cafe,Movie,1991.0,Mystery,,,,
tt0102238,Krov za krov,Movie,1991.0,Mystery,,,,
tt0101625,Once Upon a Crime...,Movie,1992.0,Mystery,,,,
tt0098707,Ji hap chong see: Gung sam,Movie,1993.0,Mystery,,,,
tt0103124,Tropical Heat,Movie,1993.0,Mystery,,,,
tt0103968,Chyornyy kvadrat,Movie,1993.0,Mystery,,,,
tt0086847,Access Code,Movie,1994.0,Mystery,,,,
tt0106261,Los amigos del muerto,Short,1994.0,Mystery,,,,
tt0108045,Game of Love,Movie,1994.0,Mystery,,,,
tt0109028,Á köldum klaka,Movie,1995.0,Mystery,,,,
tt0109264,The Bicyclist,Short,1995.0,Mystery,,,,
tt0109642,Dolores Claiborne,Movie,1995.0,Mystery,,,,
tt0110217,Jupiter's Wife,Movie,1995.0,Mystery,,,,
tt0111151,Mad Dogs and Englishmen,Movie,1995.0,Mystery,,,,
tt0111269,Die Knickerbocker-Bande: Das sprechende Grab,Movie,1995.0,Mystery,,,,
tt0079258,Habfürdö,Movie,1980.0,Romance,,,,
tt0079014,Cuentos eróticos,Movie,1980.0,Romance,,,,
tt0079579,Moskva slezam ne verit,Movie,1980.0,Romance,,,,
tt0079835,S lyubimymi ne rasstavaytes,Movie,1980.0,Romance,,,,
tt0077648,"Habibi, amor mío",Movie,1981.0,Romance,,,,
tt0080541,Clara et les Chics Types,Movie,1981.0,Romance,,,,
tt0080563,Conversa Acabada,Movie,1981.0,Romance,,,,
tt0080376,Barsaat Ki Ek Raat,Movie,1981.0,Romance,,,,
tt0080591,Damy priglashayut kavalerov,Movie,1981.0,Romance,,,,
tt0080883,Kapax del Amazonas,Movie,1982.0,Romance,,,,
tt0082773,Mouche,Movie,1982.0,Romance,,,,
tt0082361,Der Fan,Movie,1982.0,Romance,,,,
tt0081717,A Vida É Bela?!,Movie,1982.0,Romance,,,,
tt0082601,Kamata kôshinkyoku,Movie,1982.0,Romance,,,,
tt0080693,Altri desideri particolari,Movie,1983.0,Romance,,,,
tt0081199,Mundo mágico,Movie,1983.0,Romance,,,,
tt0084151,"Io, Chiara e lo scuro",Movie,1983.0,Romance,,,,
tt0084085,L'homme blessé,Movie,1983.0,Romance,,,,
tt0083547,American Taboo,Movie,1983.0,Romance,,,,
tt0083357,Zasieki,Movie,1983.0,Romance,,,,
tt0085227,Belye rosy,Movie,1984.0,Romance,,,,
tt0085251,Blondinka za uglom,Movie,1984.0,Romance,,,,
tt0085268,Boszorkányszombat,Movie,1984.0,Romance,,,,
tt0085320,Champions,Movie,1984.0,Romance,,,,
tt0085416,The Dark Side to Love,Movie,1984.0,Romance,,,,
tt0086030,O strannostyakh lyubvi,Movie,1985.0,Romance,,,,
tt0086330,Sogni erotici di Cleopatra,Movie,1985.0,Romance,,,,
tt0086868,L'alcova,Movie,1985.0,Romance,,,,
tt0086866,"Al limite, cioè, non glielo dico",Movie,1985.0,Romance,,,,
tt0086854,"Adiós, Roberto",Movie,1985.0,Romance,,,,
tt0088222,Taifû kurabu,Movie,1985.0,Romance,,,,
tt0088952,Crystal Heart,Movie,1986.0,Romance,,,,
tt0089064,Dziewczeta z Nowolipek,Movie,1986.0,Romance,,,,
tt0089976,Schwarz und ohne Zucker,Movie,1986.0,Romance,,,,
tt0089954,Salon krasoty,Movie,1986.0,Romance,,,,
tt0087084,Contactos,Movie,1986.0,Romance,,,,
tt0088339,Vaudeville,Movie,1986.0,Romance,,,,
tt0087301,Fu rong zhen,Movie,1987.0,Romance,,,,
tt0089089,En penumbra,Movie,1987.0,Romance,,,,
tt0090565,4 aventures de Reinette et Mirabelle,Movie,1987.0,Romance,,,,
tt0090570,84 Charing Cross Road,Movie,1987.0,Romance,,,,
tt0092294,Zolotaya tsep,Movie,1988.0,Romance,,,,
tt0092553,Los amores de Kafka,Movie,1988.0,Romance,,,,
tt0092559,And God Created Woman,Movie,1988.0,Romance,,,,
tt0093371,Kung-fu master!,Movie,1988.0,Romance,,,,
tt0092604,Baby Blues,Movie,1988.0,Romance,,,,
tt0092931,Drôle d'endroit pour une rencontre,Movie,1988.0,Romance,,,,
tt0092903,Bille en tête,Movie,1989.0,Romance,,,,
tt0094236,Valentino Returns,Movie,1989.0,Romance,,,,
tt0092131,Un tour de manège,Movie,1989.0,Romance,,,,
tt0094314,West Is West,Movie,1989.0,Romance,,,,
tt0093944,Sat sau woo dip mung,Movie,1989.0,Romance,,,,
tt0096025,Sailors Don't Cry,Movie,1990.0,Romance,,,,
tt0099027,Amelia Lópes O'Neill,Movie,1991.0,Romance,,,,
tt0100342,Payback,Movie,1991.0,Romance,,,,
tt0100303,L'opération Corned Beef,Movie,1991.0,Romance,,,,
tt0100327,Panny i wdowy,Movie,1991.0,Romance,,,,
tt0100457,Rama Dama,Movie,1991.0,Romance,,,,
tt0099192,Bush Pilots,Movie,1992.0,Romance,,,,
tt0101953,The Girl Who Came Late,Movie,1992.0,Romance,,,,
tt0101262,Aasmaan Se Gira,Movie,1992.0,Romance,,,,
tt0101499,Bordertown Cafe,Movie,1992.0,Romance,,,,
tt0102385,The Man Without a World,Movie,1992.0,Romance,,,,
tt0102448,Ming yuet chiu Zim Dung,Movie,1992.0,Romance,,,,
tt0103607,Abang '92,Movie,1992.0,Romance,,,,
tt0101996,Hammers Over the Anvil,Movie,1993.0,Romance,,,,
tt0104809,Ein Mann für jede Tonart,Movie,1993.0,Romance,,,,
tt0103792,"Belyy korol, krasnaya koroleva (Russkie)",Movie,1993.0,Romance,,,,
tt0097416,Kadhalan,Movie,1994.0,Romance,,,,
tt0107834,La delegazione,Movie,1994.0,Romance,,,,
tt0107677,Nexus 2.431,Movie,1994.0,Romance,,,,
tt0109363,Seeking the Cafe Bob,Movie,1995.0,Romance,,,,
tt0109489,Costa Brava,Movie,1995.0,Romance,,,,
tt0109242,El beso perfecto,Short,1995.0,Romance,,,,
tt0078508,Wolf Lake,Movie,1980.0,Thriller,,,,
tt0078805,Attentatet,Movie,1980.0,Thriller,,,,
tt0078895,The Border,Movie,1980.0,Thriller,,,,
tt0079145,La femme flic,Movie,1980.0,Thriller,,,,
tt0078053,Ópalo de fuego: Mercaderes del sexo,Movie,1980.0,Thriller,,,,
tt0079181,Fuego en el mar,Movie,1981.0,Thriller,,,,
tt0079341,El infierno de todos tan temido,Movie,1981.0,Thriller,,,,
tt0079706,Paydirt,Movie,1981.0,Thriller,,,,
tt0080608,Demasiado para Gálvez,Movie,1981.0,Thriller,,,,
tt0080915,Image of the Beast,Movie,1981.0,Thriller,,,,
tt0082504,Haathkadi,Movie,1982.0,Thriller,,,,
tt0082342,"Espion, lève-toi",Movie,1982.0,Thriller,,,,
tt0083906,Eureka,Movie,1983.0,Thriller,,,,
tt0083581,Asalto al Banco Central,Movie,1983.0,Thriller,,,,
tt0084158,J'ai épousé une ombre,Movie,1983.0,Thriller,,,,
tt0085528,Les fauves,Movie,1984.0,Thriller,,,,
tt0085627,I guerrieri dell'anno 2072,Movie,1984.0,Thriller,,,,
tt0085645,Hanyatt-homlok,Movie,1984.0,Thriller,,,,
tt0085420,Delitto in Formula Uno,Movie,1984.0,Thriller,,,,
tt0087882,Parfait amour,Movie,1985.0,Thriller,,,,
tt0086931,Bahía blanca,Movie,1985.0,Thriller,,,,
tt0087942,Prime Risk,Movie,1985.0,Thriller,,,,
tt0087344,Godzilla 1985,Movie,1985.0,Thriller,,,,
tt0089923,Robachicos,Movie,1986.0,Thriller,,,,
tt0088809,Birds of Prey,Movie,1986.0,Thriller,,,,
tt0089499,Lola,Movie,1986.0,Thriller,,,,
tt0089118,F/X,Movie,1986.0,Thriller,,,,
tt0089972,Schmutz,Movie,1987.0,Thriller,,,,
tt0090738,Black Widow,Movie,1987.0,Thriller,,,,
tt0090765,Boran - Zeit zum Zielen,Movie,1987.0,Thriller,,,,
tt0092771,El complot dels anells,Movie,1988.0,Thriller,,,,
tt0092966,En toute innocence,Movie,1988.0,Thriller,,,,
tt0094710,Bangkok Story,Movie,1989.0,Thriller,,,,
tt0093662,Object of Desire,Movie,1990.0,Thriller,,,,
tt0094666,Any Man's Death,Movie,1990.0,Thriller,,,,
tt0094857,Chi se da feng bao,Movie,1990.0,Thriller,,,,
tt0099587,Flight of the Intruder,Movie,1991.0,Thriller,,,,
tt0099577,Firehead,Movie,1991.0,Thriller,,,,
tt0097928,Murder Blues,Movie,1991.0,Thriller,,,,
tt0100111,Los mares del sur,Movie,1992.0,Thriller,,,,
tt0101860,Fatal Instinct,Movie,1992.0,Thriller,,,,
tt0102000,"Happy Birthday, Türke!",Movie,1992.0,Thriller,,,,
tt0101395,Backsliding,Movie,1992.0,Thriller,,,,
tt0101759,A Woman's Secret,Movie,1992.0,Thriller,,,,
tt0101736,Diplomatic Immunity,Movie,1992.0,Thriller,,,,
tt0102253,El laberinto griego,Movie,1993.0,Thriller,,,,
tt0104683,Laser Moon,Movie,1993.0,Thriller,,,,
tt0102821,Russian Holiday,Movie,1993.0,Thriller,,,,
tt0104807,Maang lui 72 siu si,Movie,1993.0,Thriller,,,,
tt0103022,In a Moment of Passion,Movie,1993.0,Thriller,,,,
tt0105054,Sul filo del rasoio,Movie,1994.0,Thriller,,,,
tt0105230,Redheads,Movie,1994.0,Thriller,,,,
tt0105463,April One,Movie,1994.0,Thriller,,,,
tt0106946,Forced to Kill,Movie,1994.0,Thriller,,,,
tt0106874,Fatal Past,Movie,1994.0,Thriller,,,,
tt0106479,Breaking Point,Movie,1994.0,Thriller,,,,
tt0095102,Les ennemis de la mafia,Movie,1995.0,Thriller,,,,
tt0109034,Above Suspicion,Movie,1995.0,Thriller,,,,
tt0109532,Dangerous Indiscretion,Movie,1995.0,Thriller,,,,
