cast_id,idOwner,name,film_id,title
365,tt0077634,Paul Tanashian,1,The Great Skycopter Rescue
364,tt0077634,Russell Johnson,1,The Great Skycopter Rescue
363,tt0077634,Terry Michos,1,The Great Skycopter Rescue
362,tt0077634,William Marshall,1,The Great Skycopter Rescue
361,tt0077634,Aldo Ray,1,The Great Skycopter Rescue
343,tt0077634,Aldo Ray,1,The Great Skycopter Rescue
5,tt0077634,Paul Tanashian,1,The Great Skycopter Rescue
4,tt0077634,Russell Johnson,1,The Great Skycopter Rescue
3,tt0077634,Terry Michos,1,The Great Skycopter Rescue
2,tt0077634,William Marshall,1,The Great Skycopter Rescue
1,tt0077634,Aldo Ray,1,The Great Skycopter Rescue
370,tt0076709,Roy Chiao,2,Si wang ta
369,tt0076709,Roy Horan,2,Si wang ta
368,tt0076709,Jeong-lee Hwang,2,Si wang ta
367,tt0076709,Tae-jeong Kim,2,Si wang ta
366,tt0076709,Bruce Lee,2,Si wang ta
10,tt0076709,Roy Chiao,2,Si wang ta
9,tt0076709,Roy Horan,2,Si wang ta
8,tt0076709,Jeong-lee Hwang,2,Si wang ta
7,tt0076709,Tae-jeong Kim,2,Si wang ta
6,tt0076709,Bruce Lee,2,Si wang ta
375,tt0078428,Kei-San Chan,3,Shao Lin yu Wu Dang
374,tt0078428,Feng Lu,3,Shao Lin yu Wu Dang
373,tt0078428,Li Wang,3,Shao Lin yu Wu Dang
372,tt0078428,Sheng Chiang,3,Shao Lin yu Wu Dang
371,tt0078428,Meng Lo,3,Shao Lin yu Wu Dang
15,tt0078428,Kei-San Chan,3,Shao Lin yu Wu Dang
14,tt0078428,Feng Lu,3,Shao Lin yu Wu Dang
13,tt0078428,Li Wang,3,Shao Lin yu Wu Dang
12,tt0078428,Sheng Chiang,3,Shao Lin yu Wu Dang
11,tt0078428,Meng Lo,3,Shao Lin yu Wu Dang
381,tt0077645,Brad Harris,4,Mie jue qi qi
380,tt0077645,Nadiuska,4,Mie jue qi qi
379,tt0077645,Jeong-lee Hwang,4,Mie jue qi qi
378,tt0077645,Richard Harrison,4,Mie jue qi qi
377,tt0077645,Bruce Le,4,Mie jue qi qi
376,tt0077645,Bruce Le,4,Mie jue qi qi
21,tt0077645,Brad Harris,4,Mie jue qi qi
20,tt0077645,Nadiuska,4,Mie jue qi qi
19,tt0077645,Jeong-lee Hwang,4,Mie jue qi qi
18,tt0077645,Richard Harrison,4,Mie jue qi qi
17,tt0077645,Bruce Le,4,Mie jue qi qi
16,tt0077645,Bruce Le,4,Mie jue qi qi
386,tt0079106,Raimund Harmstorf,5,L'empreinte des géants
385,tt0079106,Andréa Ferréol,5,L'empreinte des géants
384,tt0079106,Mario Adorf,5,L'empreinte des géants
383,tt0079106,Serge Reggiani,5,L'empreinte des géants
382,tt0079106,Zoé Chauveau,5,L'empreinte des géants
26,tt0079106,Raimund Harmstorf,5,L'empreinte des géants
25,tt0079106,Andréa Ferréol,5,L'empreinte des géants
24,tt0079106,Mario Adorf,5,L'empreinte des géants
23,tt0079106,Serge Reggiani,5,L'empreinte des géants
22,tt0079106,Zoé Chauveau,5,L'empreinte des géants
391,tt0078941,Gloria Chávez,6,Carlos el terrorista
390,tt0078941,Pablo Ferrel,6,Carlos el terrorista
389,tt0078941,René Cardona III,6,Carlos el terrorista
388,tt0078941,Alicia Encinas,6,Carlos el terrorista
387,tt0078941,Andrés García,6,Carlos el terrorista
396,tt0078726,Chung Wang,7,Ba jue
395,tt0078726,Michael Wai-Man Chan,7,Ba jue
394,tt0078726,Tao-Liang Tan,7,Ba jue
393,tt0078726,Yun Ling,7,Ba jue
392,tt0078726,Feng Hsu,7,Ba jue
401,tt0078918,Frank Converse,8,The Bushido Blade
400,tt0078918,Timothy Patrick Murphy,8,The Bushido Blade
399,tt0078918,Mike Starr,8,The Bushido Blade
398,tt0078918,Toshirô Mifune,8,The Bushido Blade
397,tt0078918,Richard Boone,8,The Bushido Blade
405,tt0079712,Narciso Busquets,9,Perro callejero II
404,tt0079712,Patricia Rivera,9,Perro callejero II
403,tt0079712,Blanca Guerra,9,Perro callejero II
402,tt0079712,Valentín Trujillo,9,Perro callejero II
406,tt0079896,Sheng Chiang,10,She diao ying xiong chuan san ji
27,tt0079896,Sheng Chiang,10,She diao ying xiong chuan san ji
411,tt0068745,Diana Jovanovic,87,Intime Liebschaften
410,tt0068745,Petra Dyrthen,87,Intime Liebschaften
409,tt0068745,Peter Bond,87,Intime Liebschaften
408,tt0068745,Günther Amann,87,Intime Liebschaften
407,tt0068745,Rainer Abendroth,87,Intime Liebschaften
32,tt0068745,Diana Jovanovic,87,Intime Liebschaften
31,tt0068745,Petra Dyrthen,87,Intime Liebschaften
30,tt0068745,Peter Bond,87,Intime Liebschaften
29,tt0068745,Günther Amann,87,Intime Liebschaften
28,tt0068745,Rainer Abendroth,87,Intime Liebschaften
416,tt0075332,Renate Langer,88,"Zärtlich, aber frech wie Oskar"
415,tt0075332,Herbert Fux,88,"Zärtlich, aber frech wie Oskar"
414,tt0075332,Tobias Meister,88,"Zärtlich, aber frech wie Oskar"
413,tt0075332,Patricia Zenker,88,"Zärtlich, aber frech wie Oskar"
412,tt0075332,Régis Porte,88,"Zärtlich, aber frech wie Oskar"
37,tt0075332,Renate Langer,88,"Zärtlich, aber frech wie Oskar"
36,tt0075332,Herbert Fux,88,"Zärtlich, aber frech wie Oskar"
35,tt0075332,Tobias Meister,88,"Zärtlich, aber frech wie Oskar"
34,tt0075332,Patricia Zenker,88,"Zärtlich, aber frech wie Oskar"
33,tt0075332,Régis Porte,88,"Zärtlich, aber frech wie Oskar"
419,tt0076464,Chun-Hua Li,89,You ni mei ni
418,tt0076464,Ching Yee Chong,89,You ni mei ni
417,tt0076464,Paul Che,89,You ni mei ni
40,tt0076464,Chun-Hua Li,89,You ni mei ni
39,tt0076464,Ching Yee Chong,89,You ni mei ni
38,tt0076464,Paul Che,89,You ni mei ni
424,tt0076580,Johnny Koo,90,Qian zuo guai
423,tt0076580,Jing Tang,90,Qian zuo guai
422,tt0076580,Ka Yik,90,Qian zuo guai
421,tt0076580,Chi-Chi Chen,90,Qian zuo guai
420,tt0076580,Ricky Hui,90,Qian zuo guai
45,tt0076580,Johnny Koo,90,Qian zuo guai
44,tt0076580,Jing Tang,90,Qian zuo guai
43,tt0076580,Ka Yik,90,Qian zuo guai
42,tt0076580,Chi-Chi Chen,90,Qian zuo guai
41,tt0076580,Ricky Hui,90,Qian zuo guai
429,tt0077367,Maika Lesley,91,Consultorio sexológico
428,tt0077367,Valerio Ferrer,91,Consultorio sexológico
427,tt0077367,Fabián Conde,91,Consultorio sexológico
426,tt0077367,Saturno Cerra,91,Consultorio sexológico
425,tt0077367,Lidia Zuazo,91,Consultorio sexológico
50,tt0077367,Maika Lesley,91,Consultorio sexológico
49,tt0077367,Valerio Ferrer,91,Consultorio sexológico
48,tt0077367,Fabián Conde,91,Consultorio sexológico
47,tt0077367,Saturno Cerra,91,Consultorio sexológico
46,tt0077367,Lidia Zuazo,91,Consultorio sexológico
434,tt0077428,Lisa Langlois,92,It Rained All Night the Day I Left
433,tt0077428,John Vernon,92,It Rained All Night the Day I Left
432,tt0077428,Sally Kellerman,92,It Rained All Night the Day I Left
431,tt0077428,Louis Gossett Jr.,92,It Rained All Night the Day I Left
430,tt0077428,Tony Curtis,92,It Rained All Night the Day I Left
55,tt0077428,Lisa Langlois,92,It Rained All Night the Day I Left
54,tt0077428,John Vernon,92,It Rained All Night the Day I Left
53,tt0077428,Sally Kellerman,92,It Rained All Night the Day I Left
52,tt0077428,Louis Gossett Jr.,92,It Rained All Night the Day I Left
51,tt0077428,Tony Curtis,92,It Rained All Night the Day I Left
439,tt0077883,Jan Hrusínský,93,Lásky mezi kapkami deste
438,tt0077883,Michal Dlouhý,93,Lásky mezi kapkami deste
437,tt0077883,Lukás Vaculík,93,Lásky mezi kapkami deste
436,tt0077883,Vladimír Mensík,93,Lásky mezi kapkami deste
435,tt0077883,Eduard Cupák,93,Lásky mezi kapkami deste
60,tt0077883,Jan Hrusínský,93,Lásky mezi kapkami deste
59,tt0077883,Michal Dlouhý,93,Lásky mezi kapkami deste
58,tt0077883,Lukás Vaculík,93,Lásky mezi kapkami deste
57,tt0077883,Vladimír Mensík,93,Lásky mezi kapkami deste
56,tt0077883,Eduard Cupák,93,Lásky mezi kapkami deste
444,tt0078853,Adrian Hoven,94,"Car-Napping - Bestellt, geklaut, geliefert"
443,tt0078853,Ivan Desny,94,"Car-Napping - Bestellt, geklaut, geliefert"
442,tt0078853,Hans Beerhenke,94,"Car-Napping - Bestellt, geklaut, geliefert"
441,tt0078853,Anny Duperey,94,"Car-Napping - Bestellt, geklaut, geliefert"
440,tt0078853,Bernd Stephan,94,"Car-Napping - Bestellt, geklaut, geliefert"
65,tt0078853,Adrian Hoven,94,"Car-Napping - Bestellt, geklaut, geliefert"
64,tt0078853,Ivan Desny,94,"Car-Napping - Bestellt, geklaut, geliefert"
63,tt0078853,Hans Beerhenke,94,"Car-Napping - Bestellt, geklaut, geliefert"
62,tt0078853,Anny Duperey,94,"Car-Napping - Bestellt, geklaut, geliefert"
61,tt0078853,Bernd Stephan,94,"Car-Napping - Bestellt, geklaut, geliefert"
445,tt0078304,Monika Dzienisiewicz-Olbrychska,95,Sowizdrzal swietokrzyski
66,tt0078304,Monika Dzienisiewicz-Olbrychska,95,Sowizdrzal swietokrzyski
451,tt0075859,Bruce Thai,169,De draken van Bruce Lee
450,tt0075859,Il-do Jang,169,De draken van Bruce Lee
449,tt0075859,Bruce Le,169,De draken van Bruce Lee
448,tt0075859,Bruce Le,169,De draken van Bruce Lee
447,tt0075859,Irina Shevchenko,169,De draken van Bruce Lee
446,tt0075859,Ryong Keo,169,De draken van Bruce Lee
72,tt0075859,Bruce Thai,169,De draken van Bruce Lee
71,tt0075859,Il-do Jang,169,De draken van Bruce Lee
70,tt0075859,Bruce Le,169,De draken van Bruce Lee
69,tt0075859,Bruce Le,169,De draken van Bruce Lee
68,tt0075859,Irina Shevchenko,169,De draken van Bruce Lee
67,tt0075859,Ryong Keo,169,De draken van Bruce Lee
453,tt0075631,Virgílio Massinge,170,Acto dos Feitos da Guiné
452,tt0075631,José Gomes,170,Acto dos Feitos da Guiné
74,tt0075631,Virgílio Massinge,170,Acto dos Feitos da Guiné
73,tt0075631,José Gomes,170,Acto dos Feitos da Guiné
458,tt0076043,Antonio Orlando,171,Fontamara
457,tt0076043,Imma Piro,171,Fontamara
456,tt0076043,Antonella Murgia,171,Fontamara
455,tt0076043,Ida Di Benedetto,171,Fontamara
454,tt0076043,Michele Placido,171,Fontamara
79,tt0076043,Antonio Orlando,171,Fontamara
78,tt0076043,Imma Piro,171,Fontamara
77,tt0076043,Antonella Murgia,171,Fontamara
76,tt0076043,Ida Di Benedetto,171,Fontamara
75,tt0076043,Michele Placido,171,Fontamara
463,tt0076321,Nancy Yen,172,Liu he ba fa
462,tt0076321,Siu-Tin Yuen,172,Liu he ba fa
461,tt0076321,Paul Chun,172,Liu he ba fa
460,tt0076321,Hua Yueh,172,Liu he ba fa
459,tt0076321,David Chiang,172,Liu he ba fa
84,tt0076321,Nancy Yen,172,Liu he ba fa
83,tt0076321,Siu-Tin Yuen,172,Liu he ba fa
82,tt0076321,Paul Chun,172,Liu he ba fa
81,tt0076321,Hua Yueh,172,Liu he ba fa
80,tt0076321,David Chiang,172,Liu he ba fa
468,tt0076276,Neda Arneric,173,Ko to tamo peva
467,tt0076276,Aleksandar Bercek,173,Ko to tamo peva
466,tt0076276,Danilo 'Bata' Stojkovic,173,Ko to tamo peva
465,tt0076276,Dragan Nikolic,173,Ko to tamo peva
464,tt0076276,Pavle Vuisic,173,Ko to tamo peva
89,tt0076276,Neda Arneric,173,Ko to tamo peva
88,tt0076276,Aleksandar Bercek,173,Ko to tamo peva
87,tt0076276,Danilo 'Bata' Stojkovic,173,Ko to tamo peva
86,tt0076276,Dragan Nikolic,173,Ko to tamo peva
85,tt0076276,Pavle Vuisic,173,Ko to tamo peva
474,tt0077366,Patricia Bernal,174,Constelaciones
473,tt0077366,Rebeca Aranoni,174,Constelaciones
472,tt0077366,Jorge Humberto Robles,174,Constelaciones
471,tt0077366,Jorge Humberto Robles,174,Constelaciones
470,tt0077366,Sergio Jiménez,174,Constelaciones
469,tt0077366,Ana Ofelia Murguía,174,Constelaciones
95,tt0077366,Patricia Bernal,174,Constelaciones
94,tt0077366,Rebeca Aranoni,174,Constelaciones
93,tt0077366,Jorge Humberto Robles,174,Constelaciones
92,tt0077366,Jorge Humberto Robles,174,Constelaciones
91,tt0077366,Sergio Jiménez,174,Constelaciones
90,tt0077366,Ana Ofelia Murguía,174,Constelaciones
479,tt0062181,Bogumil Kobiela,175,Rece do góry
478,tt0062181,Adam Hanuszkiewicz,175,Rece do góry
477,tt0062181,Tadeusz Lomnicki,175,Rece do góry
476,tt0062181,Joanna Szczerbic,175,Rece do góry
475,tt0062181,Jerzy Skolimowski,175,Rece do góry
100,tt0062181,Bogumil Kobiela,175,Rece do góry
99,tt0062181,Adam Hanuszkiewicz,175,Rece do góry
98,tt0062181,Tadeusz Lomnicki,175,Rece do góry
97,tt0062181,Joanna Szczerbic,175,Rece do góry
96,tt0062181,Jerzy Skolimowski,175,Rece do góry
484,tt0067100,Pete Cooper,176,Firecracker
483,tt0067100,Ken Metcalfe,176,Firecracker
482,tt0067100,Rey Malonzo,176,Firecracker
481,tt0067100,Darby Hinton,176,Firecracker
480,tt0067100,Jillian Kesner,176,Firecracker
105,tt0067100,Pete Cooper,176,Firecracker
104,tt0067100,Ken Metcalfe,176,Firecracker
103,tt0067100,Rey Malonzo,176,Firecracker
102,tt0067100,Darby Hinton,176,Firecracker
101,tt0067100,Jillian Kesner,176,Firecracker
489,tt0075187,María José Demare,177,Seis pasajes al infierno
488,tt0075187,Elena Cruz,177,Seis pasajes al infierno
487,tt0075187,Tom Castronuova,177,Seis pasajes al infierno
486,tt0075187,María Aurelia Bisutti,177,Seis pasajes al infierno
485,tt0075187,Hilda Bernard,177,Seis pasajes al infierno
110,tt0075187,María José Demare,177,Seis pasajes al infierno
109,tt0075187,Elena Cruz,177,Seis pasajes al infierno
108,tt0075187,Tom Castronuova,177,Seis pasajes al infierno
107,tt0075187,María Aurelia Bisutti,177,Seis pasajes al infierno
106,tt0075187,Hilda Bernard,177,Seis pasajes al infierno
540,tt0074994,Mieko Takamine,261,Tempyo no iraka
539,tt0074994,Daigo Kusano,261,Tempyo no iraka
538,tt0074994,Mitsuo Hamada,261,Tempyo no iraka
537,tt0074994,Masaaki Daimon,261,Tempyo no iraka
536,tt0074994,Katsuo Nakamura,261,Tempyo no iraka
161,tt0074994,Mieko Takamine,261,Tempyo no iraka
160,tt0074994,Daigo Kusano,261,Tempyo no iraka
159,tt0074994,Mitsuo Hamada,261,Tempyo no iraka
158,tt0074994,Masaaki Daimon,261,Tempyo no iraka
157,tt0074994,Katsuo Nakamura,261,Tempyo no iraka
545,tt0078113,Jafarpree York,262,Primitif
544,tt0078113,Rukman Herman,262,Primitif
543,tt0078113,Johann Mardjono,262,Primitif
542,tt0078113,Barry Prima,262,Primitif
541,tt0078113,Enny Haryono,262,Primitif
166,tt0078113,Jafarpree York,262,Primitif
165,tt0078113,Rukman Herman,262,Primitif
164,tt0078113,Johann Mardjono,262,Primitif
163,tt0078113,Barry Prima,262,Primitif
162,tt0078113,Enny Haryono,262,Primitif
550,tt0077567,Niall Toibin,263,The Sleep of Death
549,tt0077567,Brendan Price,263,The Sleep of Death
548,tt0077567,Marilù Tolo,263,The Sleep of Death
547,tt0077567,Patrick Magee,263,The Sleep of Death
546,tt0077567,Per Oscarsson,263,The Sleep of Death
171,tt0077567,Niall Toibin,263,The Sleep of Death
170,tt0077567,Brendan Price,263,The Sleep of Death
169,tt0077567,Marilù Tolo,263,The Sleep of Death
168,tt0077567,Patrick Magee,263,The Sleep of Death
167,tt0077567,Per Oscarsson,263,The Sleep of Death
555,tt0078791,Carmen Maura,264,Aquella casa en las afueras
554,tt0078791,Mara Goyanes,264,Aquella casa en las afueras
553,tt0078791,Alida Valli,264,Aquella casa en las afueras
552,tt0078791,Silvia Aguilar,264,Aquella casa en las afueras
551,tt0078791,Javier Escrivá,264,Aquella casa en las afueras
176,tt0078791,Carmen Maura,264,Aquella casa en las afueras
175,tt0078791,Mara Goyanes,264,Aquella casa en las afueras
174,tt0078791,Alida Valli,264,Aquella casa en las afueras
173,tt0078791,Silvia Aguilar,264,Aquella casa en las afueras
172,tt0078791,Javier Escrivá,264,Aquella casa en las afueras
560,tt0078806,Frances Bay,265,The Attic
559,tt0078806,Rosemary Murphy,265,The Attic
558,tt0078806,Ruth Cox,265,The Attic
557,tt0078806,Ray Milland,265,The Attic
556,tt0078806,Carrie Snodgress,265,The Attic
181,tt0078806,Frances Bay,265,The Attic
180,tt0078806,Rosemary Murphy,265,The Attic
179,tt0078806,Ruth Cox,265,The Attic
178,tt0078806,Ray Milland,265,The Attic
177,tt0078806,Carrie Snodgress,265,The Attic
566,tt0078936,Shirley Knight,266,Mondo cannibale
565,tt0078936,Lina Romay,266,Mondo cannibale
564,tt0078936,Lina Romay,266,Mondo cannibale
563,tt0078936,Jérôme Foulon,266,Mondo cannibale
562,tt0078936,Sabrina Siani,266,Mondo cannibale
561,tt0078936,Al Cliver,266,Mondo cannibale
187,tt0078936,Shirley Knight,266,Mondo cannibale
186,tt0078936,Lina Romay,266,Mondo cannibale
185,tt0078936,Lina Romay,266,Mondo cannibale
184,tt0078936,Jérôme Foulon,266,Mondo cannibale
183,tt0078936,Sabrina Siani,266,Mondo cannibale
182,tt0078936,Al Cliver,266,Mondo cannibale
571,tt0078749,Michele Soavi,267,Alien 2 - Sulla Terra
570,tt0078749,Benedetta Fantoli,267,Alien 2 - Sulla Terra
569,tt0078749,Roberto Barrese,267,Alien 2 - Sulla Terra
568,tt0078749,Mark Bodin,267,Alien 2 - Sulla Terra
567,tt0078749,Belinda Mayne,267,Alien 2 - Sulla Terra
192,tt0078749,Michele Soavi,267,Alien 2 - Sulla Terra
191,tt0078749,Benedetta Fantoli,267,Alien 2 - Sulla Terra
190,tt0078749,Roberto Barrese,267,Alien 2 - Sulla Terra
189,tt0078749,Mark Bodin,267,Alien 2 - Sulla Terra
188,tt0078749,Belinda Mayne,267,Alien 2 - Sulla Terra
576,tt0078880,Patrick Hines,268,Bloodrage
575,tt0078880,Ian Scott,268,Bloodrage
574,tt0078880,Jerry McGee,268,Bloodrage
573,tt0078880,Judith-Marie Bergan,268,Bloodrage
572,tt0078880,James Johnson,268,Bloodrage
197,tt0078880,Patrick Hines,268,Bloodrage
196,tt0078880,Ian Scott,268,Bloodrage
195,tt0078880,Jerry McGee,268,Bloodrage
194,tt0078880,Judith-Marie Bergan,268,Bloodrage
193,tt0078880,James Johnson,268,Bloodrage
578,tt0078935,Francesca Ciardi,269,Cannibal Holocaust
577,tt0078935,Robert Kerman,269,Cannibal Holocaust
199,tt0078935,Francesca Ciardi,269,Cannibal Holocaust
198,tt0078935,Robert Kerman,269,Cannibal Holocaust
583,tt0079120,José María Caffarel,339,Estigma
582,tt0079120,Berta Cabré,339,Estigma
581,tt0079120,Emilio Gutiérrez Caba,339,Estigma
580,tt0079120,Alexandra Bastedo,339,Estigma
579,tt0079120,Christian Borromeo,339,Estigma
204,tt0079120,José María Caffarel,339,Estigma
203,tt0079120,Berta Cabré,339,Estigma
202,tt0079120,Emilio Gutiérrez Caba,339,Estigma
201,tt0079120,Alexandra Bastedo,339,Estigma
200,tt0079120,Christian Borromeo,339,Estigma
590,tt0080054,Lilian Davis,340,La tía Alejandra
589,tt0080054,María Rebeca,340,La tía Alejandra
588,tt0080054,Manuel Ojeda,340,La tía Alejandra
587,tt0080054,Manuel Ojeda,340,La tía Alejandra
586,tt0080054,Isabela Corona,340,La tía Alejandra
585,tt0080054,Diana Bracho,340,La tía Alejandra
584,tt0080054,Diana Bracho,340,La tía Alejandra
211,tt0080054,Lilian Davis,340,La tía Alejandra
210,tt0080054,María Rebeca,340,La tía Alejandra
209,tt0080054,Manuel Ojeda,340,La tía Alejandra
208,tt0080054,Manuel Ojeda,340,La tía Alejandra
207,tt0080054,Isabela Corona,340,La tía Alejandra
206,tt0080054,Diana Bracho,340,La tía Alejandra
205,tt0080054,Diana Bracho,340,La tía Alejandra
595,tt0078546,Miguel Ángel Ferriz,341,"Ángela Morante, ¿crimen o suicidio?"
594,tt0078546,Blanca Baldó,341,"Ángela Morante, ¿crimen o suicidio?"
593,tt0078546,Rafael Baledón,341,"Ángela Morante, ¿crimen o suicidio?"
592,tt0078546,Enrique Lizalde,341,"Ángela Morante, ¿crimen o suicidio?"
591,tt0078546,Ana Martín,341,"Ángela Morante, ¿crimen o suicidio?"
216,tt0078546,Miguel Ángel Ferriz,341,"Ángela Morante, ¿crimen o suicidio?"
215,tt0078546,Blanca Baldó,341,"Ángela Morante, ¿crimen o suicidio?"
214,tt0078546,Rafael Baledón,341,"Ángela Morante, ¿crimen o suicidio?"
213,tt0078546,Enrique Lizalde,341,"Ángela Morante, ¿crimen o suicidio?"
212,tt0078546,Ana Martín,341,"Ángela Morante, ¿crimen o suicidio?"
600,tt0081435,Radoslav Brzobohatý,342,Romaneto
599,tt0081435,Petr Kostka,342,Romaneto
598,tt0081435,Radovan Lukavský,342,Romaneto
597,tt0081435,Pavel Pavlovský,342,Romaneto
596,tt0081435,Viktor Preiss,342,Romaneto
221,tt0081435,Radoslav Brzobohatý,342,Romaneto
220,tt0081435,Petr Kostka,342,Romaneto
219,tt0081435,Radovan Lukavský,342,Romaneto
218,tt0081435,Pavel Pavlovský,342,Romaneto
217,tt0081435,Viktor Preiss,342,Romaneto
605,tt0081315,Eva Lyberten,343,Patrizia
604,tt0081315,María Rey,343,Patrizia
603,tt0081315,Paca Gabaldón,343,Patrizia
602,tt0081315,Sascha Hehn,343,Patrizia
601,tt0081315,Anne Parillaud,343,Patrizia
226,tt0081315,Eva Lyberten,343,Patrizia
225,tt0081315,María Rey,343,Patrizia
224,tt0081315,Paca Gabaldón,343,Patrizia
223,tt0081315,Sascha Hehn,343,Patrizia
222,tt0081315,Anne Parillaud,343,Patrizia
610,tt0081513,Bernard Haller,344,Signé Furax
609,tt0081513,Maurice Chevit,344,Signé Furax
608,tt0081513,Pierre Tornade,344,Signé Furax
607,tt0081513,Pierre Tchernia,344,Signé Furax
606,tt0081513,Maurice Risch,344,Signé Furax
231,tt0081513,Bernard Haller,344,Signé Furax
230,tt0081513,Maurice Chevit,344,Signé Furax
229,tt0081513,Pierre Tornade,344,Signé Furax
228,tt0081513,Pierre Tchernia,344,Signé Furax
227,tt0081513,Maurice Risch,344,Signé Furax
614,tt0082531,Luis Rábago,345,Hotel Villa Goerne
613,tt0082531,Maria del Carmen Cardenas,345,Hotel Villa Goerne
612,tt0082531,Rosa María Bianchi,345,Hotel Villa Goerne
611,tt0082531,Judith Arciniega,345,Hotel Villa Goerne
235,tt0082531,Luis Rábago,345,Hotel Villa Goerne
234,tt0082531,Maria del Carmen Cardenas,345,Hotel Villa Goerne
233,tt0082531,Rosa María Bianchi,345,Hotel Villa Goerne
232,tt0082531,Judith Arciniega,345,Hotel Villa Goerne
619,tt0081203,Gary Reineke,346,Murder by Phone
618,tt0081203,Robin Gammell,346,Murder by Phone
617,tt0081203,Sara Botsford,346,Murder by Phone
616,tt0081203,John Houseman,346,Murder by Phone
615,tt0081203,Richard Chamberlain,346,Murder by Phone
240,tt0081203,Gary Reineke,346,Murder by Phone
239,tt0081203,Robin Gammell,346,Murder by Phone
238,tt0081203,Sara Botsford,346,Murder by Phone
237,tt0081203,John Houseman,346,Murder by Phone
236,tt0081203,Richard Chamberlain,346,Murder by Phone
624,tt0082324,Paco Mauri,347,En el país de los pies ligeros
623,tt0082324,Aurora Clavel,347,En el país de los pies ligeros
622,tt0082324,Ernesto Gómez Cruz,347,En el país de los pies ligeros
621,tt0082324,Helena Rojo,347,En el país de los pies ligeros
620,tt0082324,Pedro Armendáriz Jr.,347,En el país de los pies ligeros
245,tt0082324,Paco Mauri,347,En el país de los pies ligeros
244,tt0082324,Aurora Clavel,347,En el país de los pies ligeros
243,tt0082324,Ernesto Gómez Cruz,347,En el país de los pies ligeros
242,tt0082324,Helena Rojo,347,En el país de los pies ligeros
241,tt0082324,Pedro Armendáriz Jr.,347,En el país de los pies ligeros
626,tt0082279,Stephen Sachs,348,The Dorm That Dripped Blood
625,tt0082279,Laurie Lapinski,348,The Dorm That Dripped Blood
247,tt0082279,Stephen Sachs,348,The Dorm That Dripped Blood
246,tt0082279,Laurie Lapinski,348,The Dorm That Dripped Blood
631,tt0079258,Lenke Lorán,397,Habfürdö
630,tt0079258,Kornél Gelley,397,Habfürdö
629,tt0079258,Katalin Dobos,397,Habfürdö
628,tt0079258,Kati Bontovits,397,Habfürdö
627,tt0079258,Albert Antalffy,397,Habfürdö
252,tt0079258,Lenke Lorán,397,Habfürdö
251,tt0079258,Kornél Gelley,397,Habfürdö
250,tt0079258,Katalin Dobos,397,Habfürdö
249,tt0079258,Kati Bontovits,397,Habfürdö
248,tt0079258,Albert Antalffy,397,Habfürdö
636,tt0079014,Julieta Serrano,398,Cuentos eróticos
635,tt0079014,Luis Politti,398,Cuentos eróticos
634,tt0079014,Alicia Hermida,398,Cuentos eróticos
633,tt0079014,Cristina Sánchez Pascual,398,Cuentos eróticos
632,tt0079014,Joaquín Hinojosa,398,Cuentos eróticos
257,tt0079014,Julieta Serrano,398,Cuentos eróticos
256,tt0079014,Luis Politti,398,Cuentos eróticos
255,tt0079014,Alicia Hermida,398,Cuentos eróticos
254,tt0079014,Cristina Sánchez Pascual,398,Cuentos eróticos
253,tt0079014,Joaquín Hinojosa,398,Cuentos eróticos
641,tt0079579,Raisa Ryazanova,399,Moskva slezam ne verit
640,tt0079579,Aleksandr Fatyushin,399,Moskva slezam ne verit
639,tt0079579,Irina Muravyova,399,Moskva slezam ne verit
638,tt0079579,Aleksey Batalov,399,Moskva slezam ne verit
637,tt0079579,Vera Alentova,399,Moskva slezam ne verit
262,tt0079579,Raisa Ryazanova,399,Moskva slezam ne verit
261,tt0079579,Aleksandr Fatyushin,399,Moskva slezam ne verit
260,tt0079579,Irina Muravyova,399,Moskva slezam ne verit
259,tt0079579,Aleksey Batalov,399,Moskva slezam ne verit
258,tt0079579,Vera Alentova,399,Moskva slezam ne verit
646,tt0079835,Klara Luchko,400,S lyubimymi ne rasstavaytes
645,tt0079835,Rufina Nifontova,400,S lyubimymi ne rasstavaytes
644,tt0079835,Lyudmila Drebnyova,400,S lyubimymi ne rasstavaytes
643,tt0079835,Aleksandr Abdulov,400,S lyubimymi ne rasstavaytes
642,tt0079835,Irina Alfyorova,400,S lyubimymi ne rasstavaytes
267,tt0079835,Klara Luchko,400,S lyubimymi ne rasstavaytes
266,tt0079835,Rufina Nifontova,400,S lyubimymi ne rasstavaytes
265,tt0079835,Lyudmila Drebnyova,400,S lyubimymi ne rasstavaytes
264,tt0079835,Aleksandr Abdulov,400,S lyubimymi ne rasstavaytes
263,tt0079835,Irina Alfyorova,400,S lyubimymi ne rasstavaytes
652,tt0077648,Simón Andreu,401,"Habibi, amor mío"
651,tt0077648,Leonora Fani,401,"Habibi, amor mío"
650,tt0077648,Miguel Ayones,401,"Habibi, amor mío"
649,tt0077648,Miguel Ayones,401,"Habibi, amor mío"
648,tt0077648,Lilli Carati,401,"Habibi, amor mío"
647,tt0077648,Stefano Patrizi,401,"Habibi, amor mío"
273,tt0077648,Simón Andreu,401,"Habibi, amor mío"
272,tt0077648,Leonora Fani,401,"Habibi, amor mío"
271,tt0077648,Miguel Ayones,401,"Habibi, amor mío"
270,tt0077648,Miguel Ayones,401,"Habibi, amor mío"
269,tt0077648,Lilli Carati,401,"Habibi, amor mío"
268,tt0077648,Stefano Patrizi,401,"Habibi, amor mío"
657,tt0080541,Christian Clavier,402,Clara et les Chics Types
656,tt0080541,Christophe Bourseiller,402,Clara et les Chics Types
655,tt0080541,Josiane Balasko,402,Clara et les Chics Types
654,tt0080541,Daniel Auteuil,402,Clara et les Chics Types
653,tt0080541,Isabelle Adjani,402,Clara et les Chics Types
278,tt0080541,Christian Clavier,402,Clara et les Chics Types
277,tt0080541,Christophe Bourseiller,402,Clara et les Chics Types
276,tt0080541,Josiane Balasko,402,Clara et les Chics Types
275,tt0080541,Daniel Auteuil,402,Clara et les Chics Types
274,tt0080541,Isabelle Adjani,402,Clara et les Chics Types
662,tt0080563,Luís Pacheco,403,Conversa Acabada
661,tt0080563,Jorge Silva Melo,403,Conversa Acabada
660,tt0080563,Juliet Berto,403,Conversa Acabada
659,tt0080563,André Gomes,403,Conversa Acabada
658,tt0080563,Fernando Cabral Martins,403,Conversa Acabada
283,tt0080563,Luís Pacheco,403,Conversa Acabada
282,tt0080563,Jorge Silva Melo,403,Conversa Acabada
281,tt0080563,Juliet Berto,403,Conversa Acabada
280,tt0080563,André Gomes,403,Conversa Acabada
279,tt0080563,Fernando Cabral Martins,403,Conversa Acabada
667,tt0080376,Prema Narayan,404,Barsaat Ki Ek Raat
666,tt0080376,Utpal Dutt,404,Barsaat Ki Ek Raat
665,tt0080376,Amjad Khan,404,Barsaat Ki Ek Raat
664,tt0080376,Rakhee Gulzar,404,Barsaat Ki Ek Raat
663,tt0080376,Amitabh Bachchan,404,Barsaat Ki Ek Raat
288,tt0080376,Prema Narayan,404,Barsaat Ki Ek Raat
287,tt0080376,Utpal Dutt,404,Barsaat Ki Ek Raat
286,tt0080376,Amjad Khan,404,Barsaat Ki Ek Raat
285,tt0080376,Rakhee Gulzar,404,Barsaat Ki Ek Raat
284,tt0080376,Amitabh Bachchan,404,Barsaat Ki Ek Raat
672,tt0080591,Nikolai Skorobogatov,405,Damy priglashayut kavalerov
671,tt0080591,Tatyana Bozhok,405,Damy priglashayut kavalerov
670,tt0080591,Mariya Vinogradova,405,Damy priglashayut kavalerov
669,tt0080591,Natalya Andreychenko,405,Damy priglashayut kavalerov
668,tt0080591,Marina Neyolova,405,Damy priglashayut kavalerov
293,tt0080591,Nikolai Skorobogatov,405,Damy priglashayut kavalerov
292,tt0080591,Tatyana Bozhok,405,Damy priglashayut kavalerov
291,tt0080591,Mariya Vinogradova,405,Damy priglashayut kavalerov
290,tt0080591,Natalya Andreychenko,405,Damy priglashayut kavalerov
289,tt0080591,Marina Neyolova,405,Damy priglashayut kavalerov
674,tt0080883,María Bauza,406,Kapax del Amazonas
673,tt0080883,Kapax,406,Kapax del Amazonas
295,tt0080883,María Bauza,406,Kapax del Amazonas
294,tt0080883,Kapax,406,Kapax del Amazonas
679,tt0078508,Richard Herd,463,Wolf Lake
678,tt0078508,Jerry Hardin,463,Wolf Lake
677,tt0078508,Robin Mattson,463,Wolf Lake
676,tt0078508,David Huffman,463,Wolf Lake
675,tt0078508,Rod Steiger,463,Wolf Lake
300,tt0078508,Richard Herd,463,Wolf Lake
299,tt0078508,Jerry Hardin,463,Wolf Lake
298,tt0078508,Robin Mattson,463,Wolf Lake
297,tt0078508,David Huffman,463,Wolf Lake
296,tt0078508,Rod Steiger,463,Wolf Lake
684,tt0078805,Marina Lindahl,464,Attentatet
683,tt0078805,Thomas Johansson,464,Attentatet
682,tt0078805,Roland Johansson,464,Attentatet
681,tt0078805,Vivian Falk,464,Attentatet
680,tt0078805,Willie Andréason,464,Attentatet
305,tt0078805,Marina Lindahl,464,Attentatet
304,tt0078805,Thomas Johansson,464,Attentatet
303,tt0078805,Roland Johansson,464,Attentatet
302,tt0078805,Vivian Falk,464,Attentatet
301,tt0078805,Willie Andréason,464,Attentatet
689,tt0078895,Cecilia Camacho,465,The Border
688,tt0078895,Michael V. Gazzo,465,The Border
687,tt0078895,Eddie Albert,465,The Border
686,tt0078895,Danny De La Paz,465,The Border
685,tt0078895,Telly Savalas,465,The Border
310,tt0078895,Cecilia Camacho,465,The Border
309,tt0078895,Michael V. Gazzo,465,The Border
308,tt0078895,Eddie Albert,465,The Border
307,tt0078895,Danny De La Paz,465,The Border
306,tt0078895,Telly Savalas,465,The Border
694,tt0079145,François Simon,466,La femme flic
693,tt0079145,Jean-Pierre Kalfon,466,La femme flic
692,tt0079145,Leny Escudéro,466,La femme flic
691,tt0079145,Jean-Marc Thibault,466,La femme flic
690,tt0079145,Miou-Miou,466,La femme flic
315,tt0079145,François Simon,466,La femme flic
314,tt0079145,Jean-Pierre Kalfon,466,La femme flic
313,tt0079145,Leny Escudéro,466,La femme flic
312,tt0079145,Jean-Marc Thibault,466,La femme flic
311,tt0079145,Miou-Miou,466,La femme flic
700,tt0078053,Mel Rodrigo,467,Ópalo de fuego: Mercaderes del sexo
699,tt0078053,Joëlle Le Quément,467,Ópalo de fuego: Mercaderes del sexo
698,tt0078053,Olivier Mathot,467,Ópalo de fuego: Mercaderes del sexo
697,tt0078053,Nadine Pascal,467,Ópalo de fuego: Mercaderes del sexo
696,tt0078053,Lina Romay,467,Ópalo de fuego: Mercaderes del sexo
695,tt0078053,Lina Romay,467,Ópalo de fuego: Mercaderes del sexo
321,tt0078053,Mel Rodrigo,467,Ópalo de fuego: Mercaderes del sexo
320,tt0078053,Joëlle Le Quément,467,Ópalo de fuego: Mercaderes del sexo
319,tt0078053,Olivier Mathot,467,Ópalo de fuego: Mercaderes del sexo
318,tt0078053,Nadine Pascal,467,Ópalo de fuego: Mercaderes del sexo
317,tt0078053,Lina Romay,467,Ópalo de fuego: Mercaderes del sexo
316,tt0078053,Lina Romay,467,Ópalo de fuego: Mercaderes del sexo
706,tt0079181,Ada Carrasco,468,Fuego en el mar
705,tt0079181,Milton Rodríguez,468,Fuego en el mar
704,tt0079181,José Carlos Ruiz,468,Fuego en el mar
703,tt0079181,Norma Herrera,468,Fuego en el mar
702,tt0079181,Manuel Ojeda,468,Fuego en el mar
701,tt0079181,Manuel Ojeda,468,Fuego en el mar
345,tt0079181,Ada Carrasco,468,Fuego en el mar
344,tt0079181,Milton Rodríguez,468,Fuego en el mar
327,tt0079181,Ada Carrasco,468,Fuego en el mar
326,tt0079181,Milton Rodríguez,468,Fuego en el mar
325,tt0079181,José Carlos Ruiz,468,Fuego en el mar
324,tt0079181,Norma Herrera,468,Fuego en el mar
323,tt0079181,Manuel Ojeda,468,Fuego en el mar
322,tt0079181,Manuel Ojeda,468,Fuego en el mar
714,tt0079341,Noé Murayama,469,El infierno de todos tan temido
713,tt0079341,Jorge Humberto Robles,469,El infierno de todos tan temido
712,tt0079341,Jorge Humberto Robles,469,El infierno de todos tan temido
711,tt0079341,Delia Casanova,469,El infierno de todos tan temido
710,tt0079341,Diana Bracho,469,El infierno de todos tan temido
709,tt0079341,Diana Bracho,469,El infierno de todos tan temido
708,tt0079341,Manuel Ojeda,469,El infierno de todos tan temido
707,tt0079341,Manuel Ojeda,469,El infierno de todos tan temido
353,tt0079341,Noé Murayama,469,El infierno de todos tan temido
352,tt0079341,Jorge Humberto Robles,469,El infierno de todos tan temido
351,tt0079341,Jorge Humberto Robles,469,El infierno de todos tan temido
350,tt0079341,Delia Casanova,469,El infierno de todos tan temido
349,tt0079341,Diana Bracho,469,El infierno de todos tan temido
348,tt0079341,Diana Bracho,469,El infierno de todos tan temido
347,tt0079341,Manuel Ojeda,469,El infierno de todos tan temido
346,tt0079341,Manuel Ojeda,469,El infierno de todos tan temido
335,tt0079341,Noé Murayama,469,El infierno de todos tan temido
334,tt0079341,Jorge Humberto Robles,469,El infierno de todos tan temido
333,tt0079341,Jorge Humberto Robles,469,El infierno de todos tan temido
332,tt0079341,Delia Casanova,469,El infierno de todos tan temido
331,tt0079341,Diana Bracho,469,El infierno de todos tan temido
330,tt0079341,Diana Bracho,469,El infierno de todos tan temido
329,tt0079341,Manuel Ojeda,469,El infierno de todos tan temido
328,tt0079341,Manuel Ojeda,469,El infierno de todos tan temido
719,tt0079706,Jacob Hayward,470,Paydirt
718,tt0079706,Melody Bates,470,Paydirt
717,tt0079706,Daniel Odell,470,Paydirt
716,tt0079706,Lola Desmond,470,Paydirt
715,tt0079706,Eric Silverstein,470,Paydirt
358,tt0079706,Jacob Hayward,470,Paydirt
357,tt0079706,Melody Bates,470,Paydirt
356,tt0079706,Daniel Odell,470,Paydirt
355,tt0079706,Lola Desmond,470,Paydirt
354,tt0079706,Eric Silverstein,470,Paydirt
340,tt0079706,Jacob Hayward,470,Paydirt
339,tt0079706,Melody Bates,470,Paydirt
338,tt0079706,Daniel Odell,470,Paydirt
337,tt0079706,Lola Desmond,470,Paydirt
336,tt0079706,Eric Silverstein,470,Paydirt
721,tt0080608,Juan Carlos Sánchez,471,Demasiado para Gálvez
720,tt0080608,Manuel de Blas,471,Demasiado para Gálvez
360,tt0080608,Juan Carlos Sánchez,471,Demasiado para Gálvez
359,tt0080608,Manuel de Blas,471,Demasiado para Gálvez
342,tt0080608,Juan Carlos Sánchez,471,Demasiado para Gálvez
341,tt0080608,Manuel de Blas,471,Demasiado para Gálvez
365,tt0077634,Paul Tanashian,508,The Great Skycopter Rescue
364,tt0077634,Russell Johnson,508,The Great Skycopter Rescue
363,tt0077634,Terry Michos,508,The Great Skycopter Rescue
362,tt0077634,William Marshall,508,The Great Skycopter Rescue
361,tt0077634,Aldo Ray,508,The Great Skycopter Rescue
343,tt0077634,Aldo Ray,508,The Great Skycopter Rescue
5,tt0077634,Paul Tanashian,508,The Great Skycopter Rescue
4,tt0077634,Russell Johnson,508,The Great Skycopter Rescue
3,tt0077634,Terry Michos,508,The Great Skycopter Rescue
2,tt0077634,William Marshall,508,The Great Skycopter Rescue
1,tt0077634,Aldo Ray,508,The Great Skycopter Rescue
370,tt0076709,Roy Chiao,509,Si wang ta
369,tt0076709,Roy Horan,509,Si wang ta
368,tt0076709,Jeong-lee Hwang,509,Si wang ta
367,tt0076709,Tae-jeong Kim,509,Si wang ta
366,tt0076709,Bruce Lee,509,Si wang ta
10,tt0076709,Roy Chiao,509,Si wang ta
9,tt0076709,Roy Horan,509,Si wang ta
8,tt0076709,Jeong-lee Hwang,509,Si wang ta
7,tt0076709,Tae-jeong Kim,509,Si wang ta
6,tt0076709,Bruce Lee,509,Si wang ta
375,tt0078428,Kei-San Chan,510,Shao Lin yu Wu Dang
374,tt0078428,Feng Lu,510,Shao Lin yu Wu Dang
373,tt0078428,Li Wang,510,Shao Lin yu Wu Dang
372,tt0078428,Sheng Chiang,510,Shao Lin yu Wu Dang
371,tt0078428,Meng Lo,510,Shao Lin yu Wu Dang
15,tt0078428,Kei-San Chan,510,Shao Lin yu Wu Dang
14,tt0078428,Feng Lu,510,Shao Lin yu Wu Dang
13,tt0078428,Li Wang,510,Shao Lin yu Wu Dang
12,tt0078428,Sheng Chiang,510,Shao Lin yu Wu Dang
11,tt0078428,Meng Lo,510,Shao Lin yu Wu Dang
381,tt0077645,Brad Harris,511,Mie jue qi qi
380,tt0077645,Nadiuska,511,Mie jue qi qi
379,tt0077645,Jeong-lee Hwang,511,Mie jue qi qi
378,tt0077645,Richard Harrison,511,Mie jue qi qi
377,tt0077645,Bruce Le,511,Mie jue qi qi
376,tt0077645,Bruce Le,511,Mie jue qi qi
21,tt0077645,Brad Harris,511,Mie jue qi qi
20,tt0077645,Nadiuska,511,Mie jue qi qi
19,tt0077645,Jeong-lee Hwang,511,Mie jue qi qi
18,tt0077645,Richard Harrison,511,Mie jue qi qi
17,tt0077645,Bruce Le,511,Mie jue qi qi
16,tt0077645,Bruce Le,511,Mie jue qi qi
386,tt0079106,Raimund Harmstorf,512,L'empreinte des géants
385,tt0079106,Andréa Ferréol,512,L'empreinte des géants
384,tt0079106,Mario Adorf,512,L'empreinte des géants
383,tt0079106,Serge Reggiani,512,L'empreinte des géants
382,tt0079106,Zoé Chauveau,512,L'empreinte des géants
26,tt0079106,Raimund Harmstorf,512,L'empreinte des géants
25,tt0079106,Andréa Ferréol,512,L'empreinte des géants
24,tt0079106,Mario Adorf,512,L'empreinte des géants
23,tt0079106,Serge Reggiani,512,L'empreinte des géants
22,tt0079106,Zoé Chauveau,512,L'empreinte des géants
391,tt0078941,Gloria Chávez,513,Carlos el terrorista
390,tt0078941,Pablo Ferrel,513,Carlos el terrorista
389,tt0078941,René Cardona III,513,Carlos el terrorista
388,tt0078941,Alicia Encinas,513,Carlos el terrorista
387,tt0078941,Andrés García,513,Carlos el terrorista
396,tt0078726,Chung Wang,514,Ba jue
395,tt0078726,Michael Wai-Man Chan,514,Ba jue
394,tt0078726,Tao-Liang Tan,514,Ba jue
393,tt0078726,Yun Ling,514,Ba jue
392,tt0078726,Feng Hsu,514,Ba jue
401,tt0078918,Frank Converse,515,The Bushido Blade
400,tt0078918,Timothy Patrick Murphy,515,The Bushido Blade
399,tt0078918,Mike Starr,515,The Bushido Blade
398,tt0078918,Toshirô Mifune,515,The Bushido Blade
397,tt0078918,Richard Boone,515,The Bushido Blade
405,tt0079712,Narciso Busquets,516,Perro callejero II
404,tt0079712,Patricia Rivera,516,Perro callejero II
403,tt0079712,Blanca Guerra,516,Perro callejero II
402,tt0079712,Valentín Trujillo,516,Perro callejero II
406,tt0079896,Sheng Chiang,517,She diao ying xiong chuan san ji
27,tt0079896,Sheng Chiang,517,She diao ying xiong chuan san ji
411,tt0068745,Diana Jovanovic,594,Intime Liebschaften
410,tt0068745,Petra Dyrthen,594,Intime Liebschaften
409,tt0068745,Peter Bond,594,Intime Liebschaften
408,tt0068745,Günther Amann,594,Intime Liebschaften
407,tt0068745,Rainer Abendroth,594,Intime Liebschaften
32,tt0068745,Diana Jovanovic,594,Intime Liebschaften
31,tt0068745,Petra Dyrthen,594,Intime Liebschaften
30,tt0068745,Peter Bond,594,Intime Liebschaften
29,tt0068745,Günther Amann,594,Intime Liebschaften
28,tt0068745,Rainer Abendroth,594,Intime Liebschaften
416,tt0075332,Renate Langer,595,"Zärtlich, aber frech wie Oskar"
415,tt0075332,Herbert Fux,595,"Zärtlich, aber frech wie Oskar"
414,tt0075332,Tobias Meister,595,"Zärtlich, aber frech wie Oskar"
413,tt0075332,Patricia Zenker,595,"Zärtlich, aber frech wie Oskar"
412,tt0075332,Régis Porte,595,"Zärtlich, aber frech wie Oskar"
37,tt0075332,Renate Langer,595,"Zärtlich, aber frech wie Oskar"
36,tt0075332,Herbert Fux,595,"Zärtlich, aber frech wie Oskar"
35,tt0075332,Tobias Meister,595,"Zärtlich, aber frech wie Oskar"
34,tt0075332,Patricia Zenker,595,"Zärtlich, aber frech wie Oskar"
33,tt0075332,Régis Porte,595,"Zärtlich, aber frech wie Oskar"
419,tt0076464,Chun-Hua Li,596,You ni mei ni
418,tt0076464,Ching Yee Chong,596,You ni mei ni
417,tt0076464,Paul Che,596,You ni mei ni
40,tt0076464,Chun-Hua Li,596,You ni mei ni
39,tt0076464,Ching Yee Chong,596,You ni mei ni
38,tt0076464,Paul Che,596,You ni mei ni
424,tt0076580,Johnny Koo,597,Qian zuo guai
423,tt0076580,Jing Tang,597,Qian zuo guai
422,tt0076580,Ka Yik,597,Qian zuo guai
421,tt0076580,Chi-Chi Chen,597,Qian zuo guai
420,tt0076580,Ricky Hui,597,Qian zuo guai
45,tt0076580,Johnny Koo,597,Qian zuo guai
44,tt0076580,Jing Tang,597,Qian zuo guai
43,tt0076580,Ka Yik,597,Qian zuo guai
42,tt0076580,Chi-Chi Chen,597,Qian zuo guai
41,tt0076580,Ricky Hui,597,Qian zuo guai
429,tt0077367,Maika Lesley,598,Consultorio sexológico
428,tt0077367,Valerio Ferrer,598,Consultorio sexológico
427,tt0077367,Fabián Conde,598,Consultorio sexológico
426,tt0077367,Saturno Cerra,598,Consultorio sexológico
425,tt0077367,Lidia Zuazo,598,Consultorio sexológico
50,tt0077367,Maika Lesley,598,Consultorio sexológico
49,tt0077367,Valerio Ferrer,598,Consultorio sexológico
48,tt0077367,Fabián Conde,598,Consultorio sexológico
47,tt0077367,Saturno Cerra,598,Consultorio sexológico
46,tt0077367,Lidia Zuazo,598,Consultorio sexológico
434,tt0077428,Lisa Langlois,599,It Rained All Night the Day I Left
433,tt0077428,John Vernon,599,It Rained All Night the Day I Left
432,tt0077428,Sally Kellerman,599,It Rained All Night the Day I Left
431,tt0077428,Louis Gossett Jr.,599,It Rained All Night the Day I Left
430,tt0077428,Tony Curtis,599,It Rained All Night the Day I Left
55,tt0077428,Lisa Langlois,599,It Rained All Night the Day I Left
54,tt0077428,John Vernon,599,It Rained All Night the Day I Left
53,tt0077428,Sally Kellerman,599,It Rained All Night the Day I Left
52,tt0077428,Louis Gossett Jr.,599,It Rained All Night the Day I Left
51,tt0077428,Tony Curtis,599,It Rained All Night the Day I Left
439,tt0077883,Jan Hrusínský,600,Lásky mezi kapkami deste
438,tt0077883,Michal Dlouhý,600,Lásky mezi kapkami deste
437,tt0077883,Lukás Vaculík,600,Lásky mezi kapkami deste
436,tt0077883,Vladimír Mensík,600,Lásky mezi kapkami deste
435,tt0077883,Eduard Cupák,600,Lásky mezi kapkami deste
60,tt0077883,Jan Hrusínský,600,Lásky mezi kapkami deste
59,tt0077883,Michal Dlouhý,600,Lásky mezi kapkami deste
58,tt0077883,Lukás Vaculík,600,Lásky mezi kapkami deste
57,tt0077883,Vladimír Mensík,600,Lásky mezi kapkami deste
56,tt0077883,Eduard Cupák,600,Lásky mezi kapkami deste
444,tt0078853,Adrian Hoven,601,"Car-Napping - Bestellt, geklaut, geliefert"
443,tt0078853,Ivan Desny,601,"Car-Napping - Bestellt, geklaut, geliefert"
442,tt0078853,Hans Beerhenke,601,"Car-Napping - Bestellt, geklaut, geliefert"
441,tt0078853,Anny Duperey,601,"Car-Napping - Bestellt, geklaut, geliefert"
440,tt0078853,Bernd Stephan,601,"Car-Napping - Bestellt, geklaut, geliefert"
65,tt0078853,Adrian Hoven,601,"Car-Napping - Bestellt, geklaut, geliefert"
64,tt0078853,Ivan Desny,601,"Car-Napping - Bestellt, geklaut, geliefert"
63,tt0078853,Hans Beerhenke,601,"Car-Napping - Bestellt, geklaut, geliefert"
62,tt0078853,Anny Duperey,601,"Car-Napping - Bestellt, geklaut, geliefert"
61,tt0078853,Bernd Stephan,601,"Car-Napping - Bestellt, geklaut, geliefert"
445,tt0078304,Monika Dzienisiewicz-Olbrychska,602,Sowizdrzal swietokrzyski
66,tt0078304,Monika Dzienisiewicz-Olbrychska,602,Sowizdrzal swietokrzyski
451,tt0075859,Bruce Thai,676,De draken van Bruce Lee
450,tt0075859,Il-do Jang,676,De draken van Bruce Lee
449,tt0075859,Bruce Le,676,De draken van Bruce Lee
448,tt0075859,Bruce Le,676,De draken van Bruce Lee
447,tt0075859,Irina Shevchenko,676,De draken van Bruce Lee
446,tt0075859,Ryong Keo,676,De draken van Bruce Lee
72,tt0075859,Bruce Thai,676,De draken van Bruce Lee
71,tt0075859,Il-do Jang,676,De draken van Bruce Lee
70,tt0075859,Bruce Le,676,De draken van Bruce Lee
69,tt0075859,Bruce Le,676,De draken van Bruce Lee
68,tt0075859,Irina Shevchenko,676,De draken van Bruce Lee
67,tt0075859,Ryong Keo,676,De draken van Bruce Lee
453,tt0075631,Virgílio Massinge,677,Acto dos Feitos da Guiné
452,tt0075631,José Gomes,677,Acto dos Feitos da Guiné
74,tt0075631,Virgílio Massinge,677,Acto dos Feitos da Guiné
73,tt0075631,José Gomes,677,Acto dos Feitos da Guiné
458,tt0076043,Antonio Orlando,678,Fontamara
457,tt0076043,Imma Piro,678,Fontamara
456,tt0076043,Antonella Murgia,678,Fontamara
455,tt0076043,Ida Di Benedetto,678,Fontamara
454,tt0076043,Michele Placido,678,Fontamara
79,tt0076043,Antonio Orlando,678,Fontamara
78,tt0076043,Imma Piro,678,Fontamara
77,tt0076043,Antonella Murgia,678,Fontamara
76,tt0076043,Ida Di Benedetto,678,Fontamara
75,tt0076043,Michele Placido,678,Fontamara
463,tt0076321,Nancy Yen,679,Liu he ba fa
462,tt0076321,Siu-Tin Yuen,679,Liu he ba fa
461,tt0076321,Paul Chun,679,Liu he ba fa
460,tt0076321,Hua Yueh,679,Liu he ba fa
459,tt0076321,David Chiang,679,Liu he ba fa
84,tt0076321,Nancy Yen,679,Liu he ba fa
83,tt0076321,Siu-Tin Yuen,679,Liu he ba fa
82,tt0076321,Paul Chun,679,Liu he ba fa
81,tt0076321,Hua Yueh,679,Liu he ba fa
80,tt0076321,David Chiang,679,Liu he ba fa
468,tt0076276,Neda Arneric,680,Ko to tamo peva
467,tt0076276,Aleksandar Bercek,680,Ko to tamo peva
466,tt0076276,Danilo 'Bata' Stojkovic,680,Ko to tamo peva
465,tt0076276,Dragan Nikolic,680,Ko to tamo peva
464,tt0076276,Pavle Vuisic,680,Ko to tamo peva
89,tt0076276,Neda Arneric,680,Ko to tamo peva
88,tt0076276,Aleksandar Bercek,680,Ko to tamo peva
87,tt0076276,Danilo 'Bata' Stojkovic,680,Ko to tamo peva
86,tt0076276,Dragan Nikolic,680,Ko to tamo peva
85,tt0076276,Pavle Vuisic,680,Ko to tamo peva
474,tt0077366,Patricia Bernal,681,Constelaciones
473,tt0077366,Rebeca Aranoni,681,Constelaciones
472,tt0077366,Jorge Humberto Robles,681,Constelaciones
471,tt0077366,Jorge Humberto Robles,681,Constelaciones
470,tt0077366,Sergio Jiménez,681,Constelaciones
469,tt0077366,Ana Ofelia Murguía,681,Constelaciones
95,tt0077366,Patricia Bernal,681,Constelaciones
94,tt0077366,Rebeca Aranoni,681,Constelaciones
93,tt0077366,Jorge Humberto Robles,681,Constelaciones
92,tt0077366,Jorge Humberto Robles,681,Constelaciones
91,tt0077366,Sergio Jiménez,681,Constelaciones
90,tt0077366,Ana Ofelia Murguía,681,Constelaciones
479,tt0062181,Bogumil Kobiela,682,Rece do góry
478,tt0062181,Adam Hanuszkiewicz,682,Rece do góry
477,tt0062181,Tadeusz Lomnicki,682,Rece do góry
476,tt0062181,Joanna Szczerbic,682,Rece do góry
475,tt0062181,Jerzy Skolimowski,682,Rece do góry
100,tt0062181,Bogumil Kobiela,682,Rece do góry
99,tt0062181,Adam Hanuszkiewicz,682,Rece do góry
98,tt0062181,Tadeusz Lomnicki,682,Rece do góry
97,tt0062181,Joanna Szczerbic,682,Rece do góry
96,tt0062181,Jerzy Skolimowski,682,Rece do góry
484,tt0067100,Pete Cooper,683,Firecracker
483,tt0067100,Ken Metcalfe,683,Firecracker
482,tt0067100,Rey Malonzo,683,Firecracker
481,tt0067100,Darby Hinton,683,Firecracker
480,tt0067100,Jillian Kesner,683,Firecracker
105,tt0067100,Pete Cooper,683,Firecracker
104,tt0067100,Ken Metcalfe,683,Firecracker
103,tt0067100,Rey Malonzo,683,Firecracker
102,tt0067100,Darby Hinton,683,Firecracker
101,tt0067100,Jillian Kesner,683,Firecracker
489,tt0075187,María José Demare,684,Seis pasajes al infierno
488,tt0075187,Elena Cruz,684,Seis pasajes al infierno
487,tt0075187,Tom Castronuova,684,Seis pasajes al infierno
486,tt0075187,María Aurelia Bisutti,684,Seis pasajes al infierno
485,tt0075187,Hilda Bernard,684,Seis pasajes al infierno
110,tt0075187,María José Demare,684,Seis pasajes al infierno
109,tt0075187,Elena Cruz,684,Seis pasajes al infierno
108,tt0075187,Tom Castronuova,684,Seis pasajes al infierno
107,tt0075187,María Aurelia Bisutti,684,Seis pasajes al infierno
106,tt0075187,Hilda Bernard,684,Seis pasajes al infierno
540,tt0074994,Mieko Takamine,768,Tempyo no iraka
539,tt0074994,Daigo Kusano,768,Tempyo no iraka
538,tt0074994,Mitsuo Hamada,768,Tempyo no iraka
537,tt0074994,Masaaki Daimon,768,Tempyo no iraka
536,tt0074994,Katsuo Nakamura,768,Tempyo no iraka
161,tt0074994,Mieko Takamine,768,Tempyo no iraka
160,tt0074994,Daigo Kusano,768,Tempyo no iraka
159,tt0074994,Mitsuo Hamada,768,Tempyo no iraka
158,tt0074994,Masaaki Daimon,768,Tempyo no iraka
157,tt0074994,Katsuo Nakamura,768,Tempyo no iraka
545,tt0078113,Jafarpree York,769,Primitif
544,tt0078113,Rukman Herman,769,Primitif
543,tt0078113,Johann Mardjono,769,Primitif
542,tt0078113,Barry Prima,769,Primitif
541,tt0078113,Enny Haryono,769,Primitif
166,tt0078113,Jafarpree York,769,Primitif
165,tt0078113,Rukman Herman,769,Primitif
164,tt0078113,Johann Mardjono,769,Primitif
163,tt0078113,Barry Prima,769,Primitif
162,tt0078113,Enny Haryono,769,Primitif
550,tt0077567,Niall Toibin,770,The Sleep of Death
549,tt0077567,Brendan Price,770,The Sleep of Death
548,tt0077567,Marilù Tolo,770,The Sleep of Death
547,tt0077567,Patrick Magee,770,The Sleep of Death
546,tt0077567,Per Oscarsson,770,The Sleep of Death
171,tt0077567,Niall Toibin,770,The Sleep of Death
170,tt0077567,Brendan Price,770,The Sleep of Death
169,tt0077567,Marilù Tolo,770,The Sleep of Death
168,tt0077567,Patrick Magee,770,The Sleep of Death
167,tt0077567,Per Oscarsson,770,The Sleep of Death
555,tt0078791,Carmen Maura,771,Aquella casa en las afueras
554,tt0078791,Mara Goyanes,771,Aquella casa en las afueras
553,tt0078791,Alida Valli,771,Aquella casa en las afueras
552,tt0078791,Silvia Aguilar,771,Aquella casa en las afueras
551,tt0078791,Javier Escrivá,771,Aquella casa en las afueras
176,tt0078791,Carmen Maura,771,Aquella casa en las afueras
175,tt0078791,Mara Goyanes,771,Aquella casa en las afueras
174,tt0078791,Alida Valli,771,Aquella casa en las afueras
173,tt0078791,Silvia Aguilar,771,Aquella casa en las afueras
172,tt0078791,Javier Escrivá,771,Aquella casa en las afueras
560,tt0078806,Frances Bay,772,The Attic
559,tt0078806,Rosemary Murphy,772,The Attic
558,tt0078806,Ruth Cox,772,The Attic
557,tt0078806,Ray Milland,772,The Attic
556,tt0078806,Carrie Snodgress,772,The Attic
181,tt0078806,Frances Bay,772,The Attic
180,tt0078806,Rosemary Murphy,772,The Attic
179,tt0078806,Ruth Cox,772,The Attic
178,tt0078806,Ray Milland,772,The Attic
177,tt0078806,Carrie Snodgress,772,The Attic
566,tt0078936,Shirley Knight,773,Mondo cannibale
565,tt0078936,Lina Romay,773,Mondo cannibale
564,tt0078936,Lina Romay,773,Mondo cannibale
563,tt0078936,Jérôme Foulon,773,Mondo cannibale
562,tt0078936,Sabrina Siani,773,Mondo cannibale
561,tt0078936,Al Cliver,773,Mondo cannibale
187,tt0078936,Shirley Knight,773,Mondo cannibale
186,tt0078936,Lina Romay,773,Mondo cannibale
185,tt0078936,Lina Romay,773,Mondo cannibale
184,tt0078936,Jérôme Foulon,773,Mondo cannibale
183,tt0078936,Sabrina Siani,773,Mondo cannibale
182,tt0078936,Al Cliver,773,Mondo cannibale
571,tt0078749,Michele Soavi,774,Alien 2 - Sulla Terra
570,tt0078749,Benedetta Fantoli,774,Alien 2 - Sulla Terra
569,tt0078749,Roberto Barrese,774,Alien 2 - Sulla Terra
568,tt0078749,Mark Bodin,774,Alien 2 - Sulla Terra
567,tt0078749,Belinda Mayne,774,Alien 2 - Sulla Terra
192,tt0078749,Michele Soavi,774,Alien 2 - Sulla Terra
191,tt0078749,Benedetta Fantoli,774,Alien 2 - Sulla Terra
190,tt0078749,Roberto Barrese,774,Alien 2 - Sulla Terra
189,tt0078749,Mark Bodin,774,Alien 2 - Sulla Terra
188,tt0078749,Belinda Mayne,774,Alien 2 - Sulla Terra
576,tt0078880,Patrick Hines,775,Bloodrage
575,tt0078880,Ian Scott,775,Bloodrage
574,tt0078880,Jerry McGee,775,Bloodrage
573,tt0078880,Judith-Marie Bergan,775,Bloodrage
572,tt0078880,James Johnson,775,Bloodrage
197,tt0078880,Patrick Hines,775,Bloodrage
196,tt0078880,Ian Scott,775,Bloodrage
195,tt0078880,Jerry McGee,775,Bloodrage
194,tt0078880,Judith-Marie Bergan,775,Bloodrage
193,tt0078880,James Johnson,775,Bloodrage
578,tt0078935,Francesca Ciardi,776,Cannibal Holocaust
577,tt0078935,Robert Kerman,776,Cannibal Holocaust
199,tt0078935,Francesca Ciardi,776,Cannibal Holocaust
198,tt0078935,Robert Kerman,776,Cannibal Holocaust
583,tt0079120,José María Caffarel,846,Estigma
582,tt0079120,Berta Cabré,846,Estigma
581,tt0079120,Emilio Gutiérrez Caba,846,Estigma
580,tt0079120,Alexandra Bastedo,846,Estigma
579,tt0079120,Christian Borromeo,846,Estigma
204,tt0079120,José María Caffarel,846,Estigma
203,tt0079120,Berta Cabré,846,Estigma
202,tt0079120,Emilio Gutiérrez Caba,846,Estigma
201,tt0079120,Alexandra Bastedo,846,Estigma
200,tt0079120,Christian Borromeo,846,Estigma
590,tt0080054,Lilian Davis,847,La tía Alejandra
589,tt0080054,María Rebeca,847,La tía Alejandra
588,tt0080054,Manuel Ojeda,847,La tía Alejandra
587,tt0080054,Manuel Ojeda,847,La tía Alejandra
586,tt0080054,Isabela Corona,847,La tía Alejandra
585,tt0080054,Diana Bracho,847,La tía Alejandra
584,tt0080054,Diana Bracho,847,La tía Alejandra
211,tt0080054,Lilian Davis,847,La tía Alejandra
210,tt0080054,María Rebeca,847,La tía Alejandra
209,tt0080054,Manuel Ojeda,847,La tía Alejandra
208,tt0080054,Manuel Ojeda,847,La tía Alejandra
207,tt0080054,Isabela Corona,847,La tía Alejandra
206,tt0080054,Diana Bracho,847,La tía Alejandra
205,tt0080054,Diana Bracho,847,La tía Alejandra
595,tt0078546,Miguel Ángel Ferriz,848,"Ángela Morante, ¿crimen o suicidio?"
594,tt0078546,Blanca Baldó,848,"Ángela Morante, ¿crimen o suicidio?"
593,tt0078546,Rafael Baledón,848,"Ángela Morante, ¿crimen o suicidio?"
592,tt0078546,Enrique Lizalde,848,"Ángela Morante, ¿crimen o suicidio?"
591,tt0078546,Ana Martín,848,"Ángela Morante, ¿crimen o suicidio?"
216,tt0078546,Miguel Ángel Ferriz,848,"Ángela Morante, ¿crimen o suicidio?"
215,tt0078546,Blanca Baldó,848,"Ángela Morante, ¿crimen o suicidio?"
214,tt0078546,Rafael Baledón,848,"Ángela Morante, ¿crimen o suicidio?"
213,tt0078546,Enrique Lizalde,848,"Ángela Morante, ¿crimen o suicidio?"
212,tt0078546,Ana Martín,848,"Ángela Morante, ¿crimen o suicidio?"
600,tt0081435,Radoslav Brzobohatý,849,Romaneto
599,tt0081435,Petr Kostka,849,Romaneto
598,tt0081435,Radovan Lukavský,849,Romaneto
597,tt0081435,Pavel Pavlovský,849,Romaneto
596,tt0081435,Viktor Preiss,849,Romaneto
221,tt0081435,Radoslav Brzobohatý,849,Romaneto
220,tt0081435,Petr Kostka,849,Romaneto
219,tt0081435,Radovan Lukavský,849,Romaneto
218,tt0081435,Pavel Pavlovský,849,Romaneto
217,tt0081435,Viktor Preiss,849,Romaneto
605,tt0081315,Eva Lyberten,850,Patrizia
604,tt0081315,María Rey,850,Patrizia
603,tt0081315,Paca Gabaldón,850,Patrizia
602,tt0081315,Sascha Hehn,850,Patrizia
601,tt0081315,Anne Parillaud,850,Patrizia
226,tt0081315,Eva Lyberten,850,Patrizia
225,tt0081315,María Rey,850,Patrizia
224,tt0081315,Paca Gabaldón,850,Patrizia
223,tt0081315,Sascha Hehn,850,Patrizia
222,tt0081315,Anne Parillaud,850,Patrizia
610,tt0081513,Bernard Haller,851,Signé Furax
609,tt0081513,Maurice Chevit,851,Signé Furax
608,tt0081513,Pierre Tornade,851,Signé Furax
607,tt0081513,Pierre Tchernia,851,Signé Furax
606,tt0081513,Maurice Risch,851,Signé Furax
231,tt0081513,Bernard Haller,851,Signé Furax
230,tt0081513,Maurice Chevit,851,Signé Furax
229,tt0081513,Pierre Tornade,851,Signé Furax
228,tt0081513,Pierre Tchernia,851,Signé Furax
227,tt0081513,Maurice Risch,851,Signé Furax
614,tt0082531,Luis Rábago,852,Hotel Villa Goerne
613,tt0082531,Maria del Carmen Cardenas,852,Hotel Villa Goerne
612,tt0082531,Rosa María Bianchi,852,Hotel Villa Goerne
611,tt0082531,Judith Arciniega,852,Hotel Villa Goerne
235,tt0082531,Luis Rábago,852,Hotel Villa Goerne
234,tt0082531,Maria del Carmen Cardenas,852,Hotel Villa Goerne
233,tt0082531,Rosa María Bianchi,852,Hotel Villa Goerne
232,tt0082531,Judith Arciniega,852,Hotel Villa Goerne
619,tt0081203,Gary Reineke,853,Murder by Phone
618,tt0081203,Robin Gammell,853,Murder by Phone
617,tt0081203,Sara Botsford,853,Murder by Phone
616,tt0081203,John Houseman,853,Murder by Phone
615,tt0081203,Richard Chamberlain,853,Murder by Phone
240,tt0081203,Gary Reineke,853,Murder by Phone
239,tt0081203,Robin Gammell,853,Murder by Phone
238,tt0081203,Sara Botsford,853,Murder by Phone
237,tt0081203,John Houseman,853,Murder by Phone
236,tt0081203,Richard Chamberlain,853,Murder by Phone
624,tt0082324,Paco Mauri,854,En el país de los pies ligeros
623,tt0082324,Aurora Clavel,854,En el país de los pies ligeros
622,tt0082324,Ernesto Gómez Cruz,854,En el país de los pies ligeros
621,tt0082324,Helena Rojo,854,En el país de los pies ligeros
620,tt0082324,Pedro Armendáriz Jr.,854,En el país de los pies ligeros
245,tt0082324,Paco Mauri,854,En el país de los pies ligeros
244,tt0082324,Aurora Clavel,854,En el país de los pies ligeros
243,tt0082324,Ernesto Gómez Cruz,854,En el país de los pies ligeros
242,tt0082324,Helena Rojo,854,En el país de los pies ligeros
241,tt0082324,Pedro Armendáriz Jr.,854,En el país de los pies ligeros
626,tt0082279,Stephen Sachs,855,The Dorm That Dripped Blood
625,tt0082279,Laurie Lapinski,855,The Dorm That Dripped Blood
247,tt0082279,Stephen Sachs,855,The Dorm That Dripped Blood
246,tt0082279,Laurie Lapinski,855,The Dorm That Dripped Blood
631,tt0079258,Lenke Lorán,904,Habfürdö
630,tt0079258,Kornél Gelley,904,Habfürdö
629,tt0079258,Katalin Dobos,904,Habfürdö
628,tt0079258,Kati Bontovits,904,Habfürdö
627,tt0079258,Albert Antalffy,904,Habfürdö
252,tt0079258,Lenke Lorán,904,Habfürdö
251,tt0079258,Kornél Gelley,904,Habfürdö
250,tt0079258,Katalin Dobos,904,Habfürdö
249,tt0079258,Kati Bontovits,904,Habfürdö
248,tt0079258,Albert Antalffy,904,Habfürdö
636,tt0079014,Julieta Serrano,905,Cuentos eróticos
635,tt0079014,Luis Politti,905,Cuentos eróticos
634,tt0079014,Alicia Hermida,905,Cuentos eróticos
633,tt0079014,Cristina Sánchez Pascual,905,Cuentos eróticos
632,tt0079014,Joaquín Hinojosa,905,Cuentos eróticos
257,tt0079014,Julieta Serrano,905,Cuentos eróticos
256,tt0079014,Luis Politti,905,Cuentos eróticos
255,tt0079014,Alicia Hermida,905,Cuentos eróticos
254,tt0079014,Cristina Sánchez Pascual,905,Cuentos eróticos
253,tt0079014,Joaquín Hinojosa,905,Cuentos eróticos
641,tt0079579,Raisa Ryazanova,906,Moskva slezam ne verit
640,tt0079579,Aleksandr Fatyushin,906,Moskva slezam ne verit
639,tt0079579,Irina Muravyova,906,Moskva slezam ne verit
638,tt0079579,Aleksey Batalov,906,Moskva slezam ne verit
637,tt0079579,Vera Alentova,906,Moskva slezam ne verit
262,tt0079579,Raisa Ryazanova,906,Moskva slezam ne verit
261,tt0079579,Aleksandr Fatyushin,906,Moskva slezam ne verit
260,tt0079579,Irina Muravyova,906,Moskva slezam ne verit
259,tt0079579,Aleksey Batalov,906,Moskva slezam ne verit
258,tt0079579,Vera Alentova,906,Moskva slezam ne verit
646,tt0079835,Klara Luchko,907,S lyubimymi ne rasstavaytes
645,tt0079835,Rufina Nifontova,907,S lyubimymi ne rasstavaytes
644,tt0079835,Lyudmila Drebnyova,907,S lyubimymi ne rasstavaytes
643,tt0079835,Aleksandr Abdulov,907,S lyubimymi ne rasstavaytes
642,tt0079835,Irina Alfyorova,907,S lyubimymi ne rasstavaytes
267,tt0079835,Klara Luchko,907,S lyubimymi ne rasstavaytes
266,tt0079835,Rufina Nifontova,907,S lyubimymi ne rasstavaytes
265,tt0079835,Lyudmila Drebnyova,907,S lyubimymi ne rasstavaytes
264,tt0079835,Aleksandr Abdulov,907,S lyubimymi ne rasstavaytes
263,tt0079835,Irina Alfyorova,907,S lyubimymi ne rasstavaytes
652,tt0077648,Simón Andreu,908,"Habibi, amor mío"
651,tt0077648,Leonora Fani,908,"Habibi, amor mío"
650,tt0077648,Miguel Ayones,908,"Habibi, amor mío"
649,tt0077648,Miguel Ayones,908,"Habibi, amor mío"
648,tt0077648,Lilli Carati,908,"Habibi, amor mío"
647,tt0077648,Stefano Patrizi,908,"Habibi, amor mío"
273,tt0077648,Simón Andreu,908,"Habibi, amor mío"
272,tt0077648,Leonora Fani,908,"Habibi, amor mío"
271,tt0077648,Miguel Ayones,908,"Habibi, amor mío"
270,tt0077648,Miguel Ayones,908,"Habibi, amor mío"
269,tt0077648,Lilli Carati,908,"Habibi, amor mío"
268,tt0077648,Stefano Patrizi,908,"Habibi, amor mío"
657,tt0080541,Christian Clavier,909,Clara et les Chics Types
656,tt0080541,Christophe Bourseiller,909,Clara et les Chics Types
655,tt0080541,Josiane Balasko,909,Clara et les Chics Types
654,tt0080541,Daniel Auteuil,909,Clara et les Chics Types
653,tt0080541,Isabelle Adjani,909,Clara et les Chics Types
278,tt0080541,Christian Clavier,909,Clara et les Chics Types
277,tt0080541,Christophe Bourseiller,909,Clara et les Chics Types
276,tt0080541,Josiane Balasko,909,Clara et les Chics Types
275,tt0080541,Daniel Auteuil,909,Clara et les Chics Types
274,tt0080541,Isabelle Adjani,909,Clara et les Chics Types
662,tt0080563,Luís Pacheco,910,Conversa Acabada
661,tt0080563,Jorge Silva Melo,910,Conversa Acabada
660,tt0080563,Juliet Berto,910,Conversa Acabada
659,tt0080563,André Gomes,910,Conversa Acabada
658,tt0080563,Fernando Cabral Martins,910,Conversa Acabada
283,tt0080563,Luís Pacheco,910,Conversa Acabada
282,tt0080563,Jorge Silva Melo,910,Conversa Acabada
281,tt0080563,Juliet Berto,910,Conversa Acabada
280,tt0080563,André Gomes,910,Conversa Acabada
279,tt0080563,Fernando Cabral Martins,910,Conversa Acabada
667,tt0080376,Prema Narayan,911,Barsaat Ki Ek Raat
666,tt0080376,Utpal Dutt,911,Barsaat Ki Ek Raat
665,tt0080376,Amjad Khan,911,Barsaat Ki Ek Raat
664,tt0080376,Rakhee Gulzar,911,Barsaat Ki Ek Raat
663,tt0080376,Amitabh Bachchan,911,Barsaat Ki Ek Raat
288,tt0080376,Prema Narayan,911,Barsaat Ki Ek Raat
287,tt0080376,Utpal Dutt,911,Barsaat Ki Ek Raat
286,tt0080376,Amjad Khan,911,Barsaat Ki Ek Raat
285,tt0080376,Rakhee Gulzar,911,Barsaat Ki Ek Raat
284,tt0080376,Amitabh Bachchan,911,Barsaat Ki Ek Raat
672,tt0080591,Nikolai Skorobogatov,912,Damy priglashayut kavalerov
671,tt0080591,Tatyana Bozhok,912,Damy priglashayut kavalerov
670,tt0080591,Mariya Vinogradova,912,Damy priglashayut kavalerov
669,tt0080591,Natalya Andreychenko,912,Damy priglashayut kavalerov
668,tt0080591,Marina Neyolova,912,Damy priglashayut kavalerov
293,tt0080591,Nikolai Skorobogatov,912,Damy priglashayut kavalerov
292,tt0080591,Tatyana Bozhok,912,Damy priglashayut kavalerov
291,tt0080591,Mariya Vinogradova,912,Damy priglashayut kavalerov
290,tt0080591,Natalya Andreychenko,912,Damy priglashayut kavalerov
289,tt0080591,Marina Neyolova,912,Damy priglashayut kavalerov
674,tt0080883,María Bauza,913,Kapax del Amazonas
673,tt0080883,Kapax,913,Kapax del Amazonas
295,tt0080883,María Bauza,913,Kapax del Amazonas
294,tt0080883,Kapax,913,Kapax del Amazonas
679,tt0078508,Richard Herd,970,Wolf Lake
678,tt0078508,Jerry Hardin,970,Wolf Lake
677,tt0078508,Robin Mattson,970,Wolf Lake
676,tt0078508,David Huffman,970,Wolf Lake
675,tt0078508,Rod Steiger,970,Wolf Lake
300,tt0078508,Richard Herd,970,Wolf Lake
299,tt0078508,Jerry Hardin,970,Wolf Lake
298,tt0078508,Robin Mattson,970,Wolf Lake
297,tt0078508,David Huffman,970,Wolf Lake
296,tt0078508,Rod Steiger,970,Wolf Lake
684,tt0078805,Marina Lindahl,971,Attentatet
683,tt0078805,Thomas Johansson,971,Attentatet
682,tt0078805,Roland Johansson,971,Attentatet
681,tt0078805,Vivian Falk,971,Attentatet
680,tt0078805,Willie Andréason,971,Attentatet
305,tt0078805,Marina Lindahl,971,Attentatet
304,tt0078805,Thomas Johansson,971,Attentatet
303,tt0078805,Roland Johansson,971,Attentatet
302,tt0078805,Vivian Falk,971,Attentatet
301,tt0078805,Willie Andréason,971,Attentatet
689,tt0078895,Cecilia Camacho,972,The Border
688,tt0078895,Michael V. Gazzo,972,The Border
687,tt0078895,Eddie Albert,972,The Border
686,tt0078895,Danny De La Paz,972,The Border
685,tt0078895,Telly Savalas,972,The Border
310,tt0078895,Cecilia Camacho,972,The Border
309,tt0078895,Michael V. Gazzo,972,The Border
308,tt0078895,Eddie Albert,972,The Border
307,tt0078895,Danny De La Paz,972,The Border
306,tt0078895,Telly Savalas,972,The Border
694,tt0079145,François Simon,973,La femme flic
693,tt0079145,Jean-Pierre Kalfon,973,La femme flic
692,tt0079145,Leny Escudéro,973,La femme flic
691,tt0079145,Jean-Marc Thibault,973,La femme flic
690,tt0079145,Miou-Miou,973,La femme flic
315,tt0079145,François Simon,973,La femme flic
314,tt0079145,Jean-Pierre Kalfon,973,La femme flic
313,tt0079145,Leny Escudéro,973,La femme flic
312,tt0079145,Jean-Marc Thibault,973,La femme flic
311,tt0079145,Miou-Miou,973,La femme flic
700,tt0078053,Mel Rodrigo,974,Ópalo de fuego: Mercaderes del sexo
699,tt0078053,Joëlle Le Quément,974,Ópalo de fuego: Mercaderes del sexo
698,tt0078053,Olivier Mathot,974,Ópalo de fuego: Mercaderes del sexo
697,tt0078053,Nadine Pascal,974,Ópalo de fuego: Mercaderes del sexo
696,tt0078053,Lina Romay,974,Ópalo de fuego: Mercaderes del sexo
695,tt0078053,Lina Romay,974,Ópalo de fuego: Mercaderes del sexo
321,tt0078053,Mel Rodrigo,974,Ópalo de fuego: Mercaderes del sexo
320,tt0078053,Joëlle Le Quément,974,Ópalo de fuego: Mercaderes del sexo
319,tt0078053,Olivier Mathot,974,Ópalo de fuego: Mercaderes del sexo
318,tt0078053,Nadine Pascal,974,Ópalo de fuego: Mercaderes del sexo
317,tt0078053,Lina Romay,974,Ópalo de fuego: Mercaderes del sexo
316,tt0078053,Lina Romay,974,Ópalo de fuego: Mercaderes del sexo
706,tt0079181,Ada Carrasco,975,Fuego en el mar
705,tt0079181,Milton Rodríguez,975,Fuego en el mar
704,tt0079181,José Carlos Ruiz,975,Fuego en el mar
703,tt0079181,Norma Herrera,975,Fuego en el mar
702,tt0079181,Manuel Ojeda,975,Fuego en el mar
701,tt0079181,Manuel Ojeda,975,Fuego en el mar
345,tt0079181,Ada Carrasco,975,Fuego en el mar
344,tt0079181,Milton Rodríguez,975,Fuego en el mar
327,tt0079181,Ada Carrasco,975,Fuego en el mar
326,tt0079181,Milton Rodríguez,975,Fuego en el mar
325,tt0079181,José Carlos Ruiz,975,Fuego en el mar
324,tt0079181,Norma Herrera,975,Fuego en el mar
323,tt0079181,Manuel Ojeda,975,Fuego en el mar
322,tt0079181,Manuel Ojeda,975,Fuego en el mar
714,tt0079341,Noé Murayama,976,El infierno de todos tan temido
713,tt0079341,Jorge Humberto Robles,976,El infierno de todos tan temido
712,tt0079341,Jorge Humberto Robles,976,El infierno de todos tan temido
711,tt0079341,Delia Casanova,976,El infierno de todos tan temido
710,tt0079341,Diana Bracho,976,El infierno de todos tan temido
709,tt0079341,Diana Bracho,976,El infierno de todos tan temido
708,tt0079341,Manuel Ojeda,976,El infierno de todos tan temido
707,tt0079341,Manuel Ojeda,976,El infierno de todos tan temido
353,tt0079341,Noé Murayama,976,El infierno de todos tan temido
352,tt0079341,Jorge Humberto Robles,976,El infierno de todos tan temido
351,tt0079341,Jorge Humberto Robles,976,El infierno de todos tan temido
350,tt0079341,Delia Casanova,976,El infierno de todos tan temido
349,tt0079341,Diana Bracho,976,El infierno de todos tan temido
348,tt0079341,Diana Bracho,976,El infierno de todos tan temido
347,tt0079341,Manuel Ojeda,976,El infierno de todos tan temido
346,tt0079341,Manuel Ojeda,976,El infierno de todos tan temido
335,tt0079341,Noé Murayama,976,El infierno de todos tan temido
334,tt0079341,Jorge Humberto Robles,976,El infierno de todos tan temido
333,tt0079341,Jorge Humberto Robles,976,El infierno de todos tan temido
332,tt0079341,Delia Casanova,976,El infierno de todos tan temido
331,tt0079341,Diana Bracho,976,El infierno de todos tan temido
330,tt0079341,Diana Bracho,976,El infierno de todos tan temido
329,tt0079341,Manuel Ojeda,976,El infierno de todos tan temido
328,tt0079341,Manuel Ojeda,976,El infierno de todos tan temido
719,tt0079706,Jacob Hayward,977,Paydirt
718,tt0079706,Melody Bates,977,Paydirt
717,tt0079706,Daniel Odell,977,Paydirt
716,tt0079706,Lola Desmond,977,Paydirt
715,tt0079706,Eric Silverstein,977,Paydirt
358,tt0079706,Jacob Hayward,977,Paydirt
357,tt0079706,Melody Bates,977,Paydirt
356,tt0079706,Daniel Odell,977,Paydirt
355,tt0079706,Lola Desmond,977,Paydirt
354,tt0079706,Eric Silverstein,977,Paydirt
340,tt0079706,Jacob Hayward,977,Paydirt
339,tt0079706,Melody Bates,977,Paydirt
338,tt0079706,Daniel Odell,977,Paydirt
337,tt0079706,Lola Desmond,977,Paydirt
336,tt0079706,Eric Silverstein,977,Paydirt
721,tt0080608,Juan Carlos Sánchez,978,Demasiado para Gálvez
720,tt0080608,Manuel de Blas,978,Demasiado para Gálvez
360,tt0080608,Juan Carlos Sánchez,978,Demasiado para Gálvez
359,tt0080608,Manuel de Blas,978,Demasiado para Gálvez
342,tt0080608,Juan Carlos Sánchez,978,Demasiado para Gálvez
341,tt0080608,Manuel de Blas,978,Demasiado para Gálvez
