,Unnamed: 0,Nombre,Nacimiento,Premios,Nominaciones,Conocido por
0,0,Aldo Ray,25 de septiembre de 1926,"{'premios ganados': ['1979 Ganador AFAA Award'], 'nominaciones': ['1953 Nominado Golden Globe']}",,"('No somos ángeles', 'La impetuosa', 'Nimh: El mundo secreto de la señora Brisby', 'El robo al banco de Inglaterra')"
1,1,William Marshall,19 de agosto de 1924,,,"('Drácula negro', 'Maverick', 'Grita Blácula grita (Drácula negro 2)', 'Demetrius y los gladiadores')"
2,2,Terry Michos,26 de diciembre de 1953,,,"('Los amos de la noche', 'El gran desafío en helicóptero', 'Zoo Crew Two', 'Simon & Simon')"
3,3,Russell Johnson,10 de noviembre de 1924,"{'premios ganados': ['2007 Nominado TV Land Award', '2004 Ganador Pop Culture Award'], 'nominaciones': []}",,"('La isla de Gílligan', 'Regreso a la Tierra', 'Vinieron del espacio', 'El ataque de los cangrejos gigantes')"
4,4,Paul Tanashian,13 de marzo de 1960,,,"('Furia oriental', 'El furor del dragón', 'Operación Dragón', 'Karate a muerte en Bangkok')"
5,5,Bruce Lee,27 de noviembre de 1940,"{'premios ganados': ['1972 Ganador Special Jury Award'], 'nominaciones': ['1967 Nominado Gold Medal']}",,"('Juego con la muerte', 'Retroceder nunca, rendirse jamás', 'El último combate', 'Agassi chameuseyo')"
6,6,Tae-jeong Kim,5 de junio de 1957,,,"('La Armadura Invencible', 'El mono borracho en el ojo del tigre', 'La serpiente a la sombra del águila', 'El último combate')"
7,7,Jeong-lee Hwang,21 de diciembre de 1944,,,"('El último combate', 'La serpiente a la sombra del águila', 'Secuestro en Bangkok', 'The Art of High Impact Kicking')"
8,8,Roy Horan,12 de octubre de 2021,,,"('Contacto sangriento', 'Indiana Jones y el templo maldito', 'Juego con la muerte', 'Nu ren si shi')"
9,9,Roy Chiao,16 de marzo de 1927,"{'premios ganados': ['1996 Ganador Golden Bauhinia'], 'nominaciones': ['1995 Nominado Golden Horse Award']}",,"('Ip Man 3 (Dragon Master)', 'Ip Man 2', 'Hard-Boiled (Hervidero)', 'The Grandmaster')"
10,10,Meng Lo,4 de agosto de 1952,,,"('Wu du', 'Cha shou', 'Tie qi men', 'Can que')"
11,11,Sheng Chiang,4 de abril de 1951,,,"('Yunnan chong gu zhi Xian wang chuan shuo', 'Ye ban shu tou', 'Yat lo heung sai', 'Wo de VR nv you')"
12,12,Li Wang,6 de agosto de 1989,,,"('Cha shou', 'Wu du', 'Lei tai', 'Xi shen bao chou')"
13,13,Feng Lu,5 de mayo de 1953,,,"('Ninja Dragon', 'Three Men on Fire', 'Los espías de Beirut', 'Los gigantes de Roma')"
14,14,Kei-San Chan,,,,"('Conan, el bárbaro', 'Otelo (Comando negro)', 'La muerte ronda a Mónica', 'La loca historia de los tres mosqueteros')"
15,15,Bruce Le,,,,"('001, operación Caribe', 'Goliat contra los gigantes', 'Kommissar X - Drei goldene Schlangen', 'Comisario X y los tres perros verdes')"
16,16,Richard Harrison,26 de mayo de 1935,,,"(""L'empreinte des géants"", 'Prostituta de día, señorita de noche', 'Moi, Fleur bleue', 'Corrupción en Grenoble')"
17,17,Nadiuska,19 de enero de 1952,,,"('El gatopardo', 'París, bajos fondos', 'Los miserables', 'El confidente')"
18,18,Brad Harris,16 de julio de 1933,,,"('El tambor de hojalata', 'Der große Bellheim', 'Der Schattenmann', 'Milán, calibre 9')"
19,19,Zoé Chauveau,28 de marzo de 1959,,,"('El último metro', 'Zoo', 'El fantasma de la ópera', 'Astérix y Obélix contra César')"
20,20,Serge Reggiani,2 de mayo de 1922,,,"('Mi erótico Sigfrido', 'La mano de hierro', 'Babeck', 'Miguel Strogoff')"
21,21,Mario Adorf,8 de septiembre de 1930,"{'premios ganados': ['1994 Ganador Adolf Grimme Award in Gold'], 'nominaciones': ['2016 Ganador Honorary Bambi']}",,"('El privilegio de amar', 'Chanoc', 'Toña machetes', 'El Pantera')"
22,22,Andréa Ferréol,6 de enero de 1947,"{'premios ganados': ['1981 Nominado César', '1976 Nominado César'], 'nominaciones': ['1997 Nominado David']}",,"('Rina', 'Las momias de San Ángel', 'Jugandose la vida', 'La venganza de Maria')"
23,23,Raimund Harmstorf,7 de octubre de 1939,,,"('Alarido del terror', 'Fray Justicia', 'Un brillante propósito', 'Keiko en peligro')"
24,24,Andrés García,24 de mayo de 1941,"{'premios ganados': ['1974 Nominado Silver Ariel'], 'nominaciones': ['1986 Ganador Silver Goddess']}",,"('Deliciosa sinvergüenza', 'Las tres tumbas', 'Terror en los barrios', 'Mágica juventud')"
25,25,Alicia Encinas,24 de abril de 1954,,,"('Adiós a mi concubina', 'Ci ke', 'Un toque de zen', 'Gun gun hong chen')"
26,26,René Cardona III,1 de abril de 1962,,,"('La mano de la muerte', 'Respirando fuego', 'Zhu Jiang da feng bao', 'Zui hou yi kou qi')"
27,27,Pablo Ferrel,,,,"('Sha ren ai qing jie', 'The Lonely Killer', 'Shou kou', 'Po jie')"
28,28,Gloria Chávez,,,,"('Vivir y morir en Los Ángeles', 'El chip prodigioso', 'Deadpool', 'Buscando un amigo para el fin del mundo')"
29,29,Feng Hsu,17 de agosto de 1950,"{'premios ganados': ['1994 Ganador BAFTA Film Award'], 'nominaciones': ['2017 Ganador Lifetime Achievement Award']}",,"('El pistolero de San Francisco', 'El último pistolero', 'El teatro de Richard Boone', 'Un hombre')"
30,30,Yun Ling,,,,"('Yojimbo', 'Los siete samuráis', 'El infierno del odio', 'Trono de sangre')"
31,31,Tao-Liang Tan,1947,,,"('Ed Wood', 'Dos tontos muy tontos', 'Solos con nuestro tío', 'Muerte entre las flores')"
32,32,Michael Wai-Man Chan,10 de julio de 1946,"{'premios ganados': ['1983 Nominado Hong Kong Film Award'], 'nominaciones': []}",,"('Vacaciones en el mar', 'Dallas', 'El triunfador', 'The Seekers')"
33,33,Chung Wang,,"{'premios ganados': ['1984 Nominado VMA'], 'nominaciones': []}",,"('La hora de las pistolas', 'Ana de las Tejas Verdes: la continuación', 'Baa Baa Black Sheep', 'Coronet Blue')"
34,34,Richard Boone,18 de junio de 1917,"{'premios ganados': ['1964 Nominado Primetime Emmy', '1960 Nominado Primetime Emmy', '1959 Nominado Primetime Emmy', '1955 Nominado Primetime Emmy', '1955 Nominado Primetime Emmy'], 'nominaciones': ['1964 Nominado Golden Globe']}",,"('Violación', 'Rojo amanecer', 'Perro callejero', 'Yo el ejecutor')"
35,35,Toshirô Mifune,1 de abril de 1920,"{'premios ganados': ['1956 Nominado BAFTA Film Award'], 'nominaciones': ['1981 Nominado Primetime Emmy']}",,"('Santa Sangre', 'El imperio de la fortuna', 'Alma de hierro', 'Pedro Páramo')"
36,36,Mike Starr,29 de julio de 1950,"{'premios ganados': ['2022 Ganador Award of Excellence'], 'nominaciones': ['2015 Ganador Lifetime Achievement Award']}",,"('Tiempo de lobos', 'Agarren al de los huevos', 'Rosa de dos aromas', 'La perra de la frontera')"
37,37,Timothy Patrick Murphy,3 de noviembre de 1959,"{'premios ganados': ['1984 Ganador Young Artist Award'], 'nominaciones': []}",,"('Pedro Páramo', 'Cadena perpetua', 'La casa al final de la calle', 'El gallo de oro')"
38,38,Frank Converse,22 de mayo de 1938,"{'premios ganados': ['1968 Nominado Gold Medal'], 'nominaciones': []}",,"('Amigas y rivales', 'Soy tu dueña', 'Mujeres engañadas', 'El ángel exterminador')"
39,39,Valentín Trujillo,28 de marzo de 1951,"{'premios ganados': ['1989 Nominado Silver Ariel', '1989 Nominado Silver Ariel', '1989 Nominado Silver Ariel', '1980 Nominado Silver Ariel'], 'nominaciones': ['1981 Ganador Premio ACE']}",,"('Jue dai shuang jiao', 'Na Zha', 'Shao Lin si', 'Fang Shi Yu yu Hu Hui Qian')"
40,40,Blanca Guerra,10 de enero de 1953,"{'premios ganados': ['1999 Ganador Silver Ariel', '1996 Nominado Silver Ariel', '1995 Nominado Silver Ariel', '1994 Ganador Silver Ariel', '1988 Ganador Silver Ariel'], 'nominaciones': ['1991 Nominado Saturn Award']}",,"('Di Di ri ji', 'Yee dam hung seon', 'Duo shuai', 'She diao ying xiong zhuan')"
41,41,Patricia Rivera,25 de julio de 1956,"{'premios ganados': ['1990 Nominado Silver Ariel', '1983 Ganador Silver Ariel'], 'nominaciones': []}",,"('Un mañana mejor', 'La leyenda del luchador borracho', 'El camino del guerrero', 'Ci Ma')"
42,42,Narciso Busquets,8 de septiembre de 1929,"{'premios ganados': ['1979 Nominado Silver Ariel'], 'nominaciones': []}",,"('Ren zhe wu di', 'Hao xiao zi di xia yi zhao', 'Qi bu mi zong', 'Qian nu yun yu qing')"
43,0,Rainer Abendroth,,,,"('Glücksrad', 'Freunde der Nacht', 'Der Kuckuckspfänder', 'Liebling der Schwiegermütter')"
44,1,Günther Amann,,,,"('Hembras salvajes en Ibiza', 'Adiestrados para matar', 'A voluntad de dios', 'Armaguedon, la voz del fin del mundo')"
45,2,Peter Bond,29 de octubre de 1952,,,"('Robin Hood: Ghosts of Sherwood', 'Der Koch', 'En el lugar del crimen', 'Hungerjahre - in einem reichen Land')"
46,3,Petra Dyrthen,,,,"('Los tres mosqueteros de Alejandro Dumas', 'Der Bergdoktor', 'Stockinger', 'Astérix y Obélix contra César')"
47,4,Diana Jovanovic,,,,"('La trampa de Venus', 'Die Story', 'Flitterwochen', 'Polo de limón 5 - Baby love')"
48,5,Régis Porte,4 de febrero de 1953,,,"('Johnny English Returns', 'Push', 'Old man and a dog', 'Election')"
49,6,Patricia Zenker,,,,"('Bik hue gim', 'Duet ming ga yan', 'Gung buk', 'San gau')"
50,7,Tobias Meister,9 de junio de 1957,,,"('El mono borracho en el ojo del tigre', 'Shen diao xia lv', 'Hu xue tu long', 'No juegues con fuego')"
51,8,Herbert Fux,25 de marzo de 1927,,,"('Mr. Vampire: El Señor de los Vampiros', 'Qian zuo guai', 'Gui cai Lun Wen Xu', 'Shen suan')"
52,9,Renate Langer,20 de mayo de 1956,,,"('Dragon ball: La película - Comienza la magia', 'Khi tshe sì tsap káu thinn', 'Miao tan shen wei', 'Xing tao tai lang')"
53,10,Paul Che,,"('2019 Nominado Festival Prize',)",(),"('Ha luo, ye gui ren', 'Qian zuo guai', 'Wu du bu zhang fu', 'El último caballero')"
54,11,Ching Yee Chong,13 de diciembre de 1959,,,"('El mono borracho en el ojo del tigre', 'Lin Shi Rong', 'Yi jian qing shen', 'Qian zuo guai')"
55,12,Chun-Hua Li,,,,"('Long Arm of the Law', 'Wo ai Ye Lai Xiang', 'El fluir de las lágrimas', 'Qian zuo guai')"
56,13,Ricky Hui,3 de agosto de 1946,,,"('Siete pistolas para los Mac Gregor', 'Una gota de sangre para morir amando', 'Los fusiles', 'Tristana')"
57,14,Chi-Chi Chen,6 de octubre de 1975,,,"('Lorca, muerte de un poeta', 'Relación fatal', 'Winchester: Uno entre mil', 'Una gota de sangre para morir amando')"
58,15,Ka Yik,,,,"('Eat Me! The Most Beautiful Cakes', 'Empreintes', 'La galerie France 5', 'Le khmer rouge et le non-violent')"
59,16,Jing Tang,,,,"('Instinto peligroso', 'El agente', 'La hija del lobo', 'Conspiración Wander')"
60,17,Johnny Koo,,"('1984 Nominado Golden Horse Award',)","('1985 Nominado Hong Kong Film Award',)","('Con faldas y a lo loco', 'Chantaje en Broadway', 'Los persuasores!', 'Espartaco')"
61,18,Lidia Zuazo,25 de noviembre de 1924,,,"('Oficial y caballero', 'Enemigo mío', 'Tiburón 3-D. El gran tiburón', 'Raíces')"
62,19,Saturno Cerra,1932,,,"('M*A*S*H', 'Regreso a la escuela', 'Pret-a-porter', 'Un pequeño romance')"
63,20,Fabián Conde,,,,"('Desmadre a la americana', 'Harry el Sucio', 'Klowns asesinos', 'Aterriza como puedas II')"
64,21,Valerio Ferrer,,,,"('Mladá léta', 'Paleta lásky', 'Náhrdelník', 'Z mého zivota')"
65,22,Maika Lesley,3 de junio de 1925,,,"('Nahá pastýrka', 'Slamený klobouk', 'El incinerador de cadáveres', 'Klec pro dva')"
66,23,Tony Curtis,27 de mayo de 1936,,,"('Cerní baroni', 'Nesmluvená setkání', 'Náhrdelník', 'Milácek')"
67,24,Louis Gossett Jr.,2 de junio de 1937,,,"('Cerní baroni', 'Cirkus Bukowsky', 'Kapitán Exner', 'Strange Events 3')"
68,25,Sally Kellerman,24 de febrero de 1932,,,"('Beauty in Trouble', 'Arrowsmith', 'Babicka', 'Kdo hledá zlaté dno')"
69,26,John Vernon,15 de marzo,,,"('Final Fantasy XV', 'Einsatz für Lohbeck', 'Solange es die Liebe gibt', 'Glückliche Reise')"
70,27,Lisa Langlois,10 de marzo de 1932,,,"('Un elefante se equivoca enormemente', 'Piezas asesinas', 'Une famille formidable', 'Un château au soleil')"
71,28,Eduard Cupák,9 de octubre de 1929,,,"('En el lugar del crimen', 'Amarga cosecha', '5 Flaschen für Angelika', 'Jägerschlacht')"
72,29,Vladimír Mensík,8 de junio de 1962,,,"('El matrimonio de María Braun', 'Los cañones de San Sebastián', 'Falso movimiento', 'Anastasia')"
73,30,Lukás Vaculík,29 de septiembre de 1968,,,"('Der Mörder mit dem Seidenschal', 'El mundo conectado', 'Im Schloß der blutigen Begierde', 'Hexen geschändet und zu Tode gequält')"
74,31,Michal Dlouhý,9 de junio de 1955,,,"('Iluminación', 'Sowizdrzal swietokrzyski', 'Zycie na goraco', 'Szkice warszawskie')"
75,32,Jan Hrusínský,23 de octubre de 1943,,,"('Prawo Agaty', 'Hallo Szpicbródka, czyli ostatni wystep króla kasiarzy', 'Ostatnia misja', 'Ostatni po Bogu')"
76,33,Bernd Stephan,28 de junio de 1947,,,"('Sex Mission: Misión en el futuro', 'Jak pies z kotem', 'General Nil', 'Historia de un pecado')"
77,34,Anny Duperey,22 de octubre de 1923,,,"('Sex Mission: Misión en el futuro', 'Spowiedz dzieciecia wieku', 'Wszyscy i nikt', 'Kobieta w kapeluszu')"
78,35,Hans Beerhenke,28 de diciembre de 1922,,,"('La lista de Schindler', 'Tres colores: Blanco', 'La tierra de la gran promesa', 'Kapital, czyli jak zrobic pieniadze w Polsce')"
79,36,Ivan Desny,18 de mayo de 1922,,,"('Rocky V', 'Un regalo para papá', 'La balada de Lucy Whipple', 'Rápida y mortal')"
80,37,Adrian Hoven,23 de abril de 1939,,,"('Permanezca en sintonía', 'Runaway Nightmare', 'Puño mortal', 'The Fall Guy')"
81,38,Monika Dzienisiewicz-Olbrychska,4 de mayo de 1937,,,"('Mensajero del futuro', 'Bailando con lobos', 'Robin Hood: Príncipe de los ladrones', 'El guardaespaldas')"
82,0,Ryong Keo,1940,,,"('La saga de Bruce Lee', 'Sahyeong samgeol', 'Heukpyo bigaek', 'Xunzhao shiqu de Zongshi')"
83,1,Irina Shevchenko,,,,"('Furia oriental', 'El furor del dragón', 'Operación Dragón', 'Karate a muerte en Bangkok')"
84,2,Bruce Le,27 de noviembre de 1940,"('1972 Ganador Special Jury Award',)","('1967 Nominado Gold Medal',)","('La saga de Bruce Lee', 'Failan', 'The Blazing Ninja', 'Escuadrón de los ninjas')"
85,3,Il-do Jang,,,,"(""La hija de D'Artagnan"", 'One Foot in the Grave', 'Entre Marido e Mulher...', 'Um Chapéu de Palha de Itália')"
86,4,Bruce Thai,,,,"('La piovra', 'Romanzo criminale', 'La sombra de Caravaggio', 'Un eroe borghese')"
87,5,José Gomes,8 de diciembre de 1938,,,"('Fontamara', ""Immacolata e Concetta, l'altra gelosia"", 'Der Schlaf der Vernunft', 'El reino de Nápoles')"
88,6,Virgílio Massinge,,,,"('Cristina, adolescente pervertida', 'Perry Grant, agente di ferro', 'I diavoli di Spartivento', 'El fugitivo del tren de Berlín')"
89,7,Michele Placido,19 de mayo de 1946,"(""1999 Ganador Actor's Mission Award"",)","('1989 Ganador Bambi',)","('El capo de Corleone', 'Signora Volpe', 'Vieni, vieni amore mio', 'Il maresciallo Rocca')"
90,8,Ida Di Benedetto,3 de junio de 1940,"('1985 Nominado David', '1981 Nominado David')","('1988 Ganador François Truffaut Award',)","('Saló o los 120 días de Sodoma', 'La piovra', 'Der Rosenkönig', 'Le strelle nel fosso')"
91,9,Antonella Murgia,26 de junio de 1942,,,"('Ci Ma', 'Bao chou', 'Los 5 Maestros de Shaolin', 'Bak yat ji ha')"
92,10,Imma Piro,8 de diciembre de 1956,,,"('Da zui xia', 'Xi you ji', 'Tres reinos', 'Tie shan gong zhu')"
93,11,Antonio Orlando,15 de marzo de 1960,,,"('San bat liu ching', 'Din lo jing juen', 'Do ma daan', 'La venganza del dragón')"
94,12,David Chiang,29 de junio de 1947,"('1973 Ganador APFF Award', '1970 Ganador APFF Award')","('2024 Ganador Hong Kong Film Award',)","('El mono borracho en el ojo del tigre', 'Zui xia Su Qi Er', 'La serpiente a la sombra del águila', 'Loco Loco Kung Fu')"
95,13,Hua Yueh,13 de julio de 1942,,,"('Tie jiao wa', 'Tie san jiao', 'Sheng long huo hu', 'Chu Liu Xiang')"
96,14,Paul Chun,17 de mayo de 1945,"('1996 Nominado Golden Bauhinia',)","('2016 Nominado Golden Horse Award',)","('Línea no regular', 'Povratak otpisanih', 'Maratonci trce pocasni krug', 'Tri koraka u prazno')"
97,15,Siu-Tin Yuen,27 de noviembre de 1912,"('1979 Nominado Golden Horse Award',)",(),"('Balkan ekspres', 'Línea no regular', 'El halcón', 'Nacionalna klasa')"
98,16,Nancy Yen,1949,,,"('Balkanski spijun', 'Underground', 'Maratonci trce pocasni krug', 'Zimovanje u Jakobsfeldu')"
99,17,Pavle Vuisic,10 de julio de 1926,"('1977 Ganador Golden Arena', '1958 Ganador Golden Arena')","('1983 Ganador Slavica Award', '1977 Ganador Car Konstantin Award')","('Línea no regular', 'Uvod u drugi zivot', 'El polvorín', 'Juzni vetar')"
100,18,Dragan Nikolic,20 de agosto de 1943,"('1981 Ganador Golden Arena', '1968 Ganador Special Award')","('2000 Ganador Pavle Vuicis Award', '1983 Ganador Plaquette')","('Ispravi se, Delfina', 'Haloa - praznik kurvi', 'Shaft en África', 'Línea no regular')"
101,19,Danilo 'Bata' Stojkovic,11 de agosto de 1934,"('1984 Ganador Golden Arena',)",(),"('Coco', 'Mi querido Tom Mix', 'Cadena perpetua', 'La reina de la noche')"
102,20,Aleksandar Bercek,4 de septiembre de 1950,"('1980 Ganador Golden Arena',)","('2013 Ganador Car Konstantin Award',)","('Mujeres engañadas', 'Angélica', 'La traición', 'El engaño')"
103,21,Neda Arneric,15 de julio de 1953,"('1988 Ganador Golden Arena', '1977 Ganador Silver Arena')","('2018 Ganador Belgrade Victor',)","('El infierno de todos tan temido', 'El tres de copas', 'Pafnucio Santo', 'Gabriel y Gabriela')"
104,22,Ana Ofelia Murguía,8 de diciembre de 1933,"('2011 Ganador Special Golden Ariel', '2001 Nominado Silver Ariel', '2001 Nominado Silver Ariel', '2000 Nominado Silver Ariel', '1998 Nominado Silver Ariel')","('1991 Ganador Best Actress',)","('Amar te duele', 'Todos queremos a alguien', 'Pobre rico... pobre', 'La otra mitad del sol')"
105,23,Sergio Jiménez,17 de diciembre de 1937,"('1983 Nominado Silver Ariel', '1974 Nominado Silver Ariel', '1972 Nominado Silver Ariel')","('2000 Ganador TVyNovelas', '1989 Nominado TVyNovelas', '1987 Nominado TVyNovelas')","('Los Vengadores', 'EO', 'Essential Killing', '11 minut')"
106,24,Jorge Humberto Robles,20 de agosto de 1943,"('1980 Nominado Silver Ariel',)",(),"('La barrera', 'Agnieszka 46', 'Dialóg 20-40-60', 'Los días de Mateo')"
107,25,Rebeca Aranoni,,,,"('Coronel Wolodyjowski', 'El diluvio', '... gdziekolwiek jestes, panie prezydencie...', 'Wizja lokalna 1901')"
108,26,Patricia Bernal,mayo de 1961,"('2018 Nominado Silver Goddess',)",(),"('Spóznieni przechodnie', 'Teatr Telewizji', 'Zuzanna i chlopcy', 'Marzenia do spelnienia')"
109,27,Jerzy Skolimowski,5 de mayo de 1938,"('1967 Ganador Golden Berlin Bear', '1967 Ganador UNICRIT Award')","('2022 Ganador Marshal of the Kujawsko-Pomorskie Region Film Award', '2010 Ganador Lifetime Achievement Award for Directing')","('Lalka', 'Do widzenia, do jutra...', 'Przeprowadzka', 'Cenizas y diamantes')"
110,28,Joanna Szczerbic,13 de junio de 1941,,,"('Puño desnudo', 'The Student Body', 'Mork y Mindy', 'Beverly Hills Vamp')"
111,29,Tadeusz Lomnicki,18 de julio de 1927,"('1969 Ganador Golden Prize',)","('2009 Ganador Film Award',)","('Daniel Boone', 'Christmas Wishes and Mistletoe Kisses', 'Days of Our Lives', 'Texas Rising')"
112,30,Adam Hanuszkiewicz,16 de junio de 1924,,,"('Batang North Harbor', 'Twin Fists for the Blackmasters', 'Limbas ng Cavite', 'Kumander .45')"
113,31,Bogumil Kobiela,31 de mayo de 1931,,,"('La colina de la hamburguesa', 'Apocalypse Now', 'TNT Jackson', 'Desaparecido en combate')"
114,32,Jillian Kesner,9 de agosto de 1949,,,"('Apocalypse Now', 'Up from the Depths', 'Puño desnudo', 'Stryker')"
115,33,Darby Hinton,19 de agosto de 1957,"('2019 Ganador Best Faith Based Film',)","('2019 Ganador Wild Bunch Film Festival Award',)","('Antonella', 'Rebelde Way', 'La extraña dama', 'Celeste')"
116,34,Rey Malonzo,,,,"('Los de la mesa 10', 'Amorina', 'Ese que no la quiere', 'El cielo es para todos')"
117,35,Ken Metcalfe,,,,"('La canción de Buenos Aires', 'Un tranvía llamado Deseo', 'Contigo y aquí', 'Dónde pueda quererte')"
118,36,Pete Cooper,,,,"('Presos del olvido', 'Naranjo en flor', 'Solamente ella', 'Los gauchos judíos')"
119,37,Hilda Bernard,29 de octubre de 1920,"('2011 Nominado Premio Martín Fierro', '2009 Nominado Premio Martín Fierro', '1992 Ganador Premio Martín Fierro')",(),"('Las vías del amor', 'Llámenme Mike', 'Santo contra los asesinos de otros mundos', 'Santo y Blue Demon contra el doctor Frankenstein')"
120,38,María Aurelia Bisutti,20 de junio de 1930,,,"('El hombre del tiempo', 'Bunker Z (Zulu)', 'Erin Brockovich', 'Nothing Is Private')"
121,39,Tom Castronuova,,,,"('Solo ante el peligro', 'Hoguera de odios', 'Fe, esperanza y caridad', 'Un secreto de Esperanza')"
122,40,Elena Cruz,27 de noviembre de 1926,,,"('El Topo', 'Sin salida', 'Nos veremos en el cielo', 'La marca de Satanás')"
123,41,María José Demare,12 de abril de 1949,"('2002 Nominado Silver Condor',)",(),"('Isla de los muertos', 'D.F./Distrito Federal', 'Dulce desafío', 'Pedro Páramo')"
124,0,Kaneto Shiozawa,28 de enero de 1954,,,"('Vampire Hunter: Cazador De Espíritus', 'Metal Gear Solid', 'El puño de la estrella del norte', 'Metal Gear Solid: Integral')"
125,1,Keiko Takeshita,15 de septiembre de 1953,"('1994 Nominado Award of the Japanese Academy',)","('1993 Ganador Nikkan Sports Film Award',)","('El viento se levanta', 'La colina de las amapolas', 'Kita no kuni kara', 'Gakkô')"
126,2,Hiroshi Ôtake,14 de marzo de 1932,"('2015 Ganador Achievement Award',)",(),"('Akira', 'Capitán Harlock', 'Meteoro', 'Gekisô sentai Kârenjâ')"
127,3,Katsue Miwa,12 de octubre de 1943,,,"('Ghost in the Shell', 'Dragon Ball', 'Unico en la isla de la magia', 'Pâman')"
128,4,Kazue Takahashi,20 de marzo de 1928,,,"('Ironman 28', 'Chôriki sentai Ôrenjâ', 'Osomatsu-kun', 'El ataque de los supermonstruos')"
129,5,Dharmendra,8 de diciembre de 1935,"('1997 Ganador Lifetime Achievement Award', '1991 Ganador Filmfare Award', '1975 Nominado Filmfare Award', '1974 Nominado Filmfare Award', '1972 Nominado Filmfare Award')","('2007 Ganador Lifetime Achievement Award',)","('Sholay', 'Ghayal', 'Ayee Milan Ki Bela', 'Yaadon Ki Baaraat')"
130,6,Hema Malini,16 de octubre de 1948,"('2019 Ganador Special Award', '2004 Nominado Filmfare Award', '2000 Ganador Lifetime Achievement Award', '1991 Nominado Filmfare Award', '1982 Nominado Filmfare Award')","('2004 Nominado Popular Award',)","('Baghban', 'Sholay', 'Prem Nagar', 'Naseeb')"
131,7,Zeenat Aman,19 de noviembre de 1951,"('1981 Nominado Filmfare Award', '1979 Nominado Filmfare Award', '1973 Ganador Filmfare Award')","('2010 Ganador Special Award',)","('Don', 'Haré Rama Haré Krishna', 'Laawaris', 'Samraat')"
132,8,Prem Chopra,23 de septiembre de 1935,"('2023 Ganador Lifetime Achievement Award', '1977 Ganador Filmfare Award', '1977 Nominado Filmfare Award')","('2020 Ganador Special Award', '2010 Nominado Screen Award')","('Koi... Mil Gaya', 'Do Anjaane', 'Animal', 'Gehri Chaal')"
133,9,Zakir Mukhamedzhanov,1 de enero de 1921,"(""1964 Ganador People's Artist of the Republic"",)","(""1977 Ganador People's Artist of the USSR"",)","('Sohni Mahiwal', 'Ozornik', 'Dalyokie blizkie gody', 'Enamorados')"
134,10,Jean Martin,6 de marzo de 1922,"('1968 Nominado NSFC Award',)",(),"('La batalla de Argel', 'Chacal', 'Mi nombre es Ninguno', 'Te amo, te amo')"
135,11,Pascal Mazzotti,16 de diciembre de 1923,,,"(""D'Artagnan"", 'Aux frontières du possible', 'Au théâtre ce soir', 'Madame Sans Gêne')"
136,12,Raymond Bussières,3 de noviembre de 1907,,,"('Encuentro en París', 'París, bajos fondos', 'Le jugement dernier', 'Un sourire dans la tempête')"
137,13,Agnès Viala,,,,"('Julie Lescaut', ""L'état de grâce"", 'Historia de una revolución', 'Dickie-roi')"
138,14,Renaud Marx,20 de agosto de 1959,,,"('O Príncipe com Orelhas de Burro', 'O Beijo de Judas', 'Duarte & C.a', 'Contos Mágicos')"
139,15,Antonino Solmer,2 de marzo de 1950,,,"('Mal Nascida', 'Curral de Moinas - Os Banqueiros do Povo', 'Anjo Selvagem', 'Louco Amor')"
140,16,Márcia Breia,17 de junio de 1944,"('2019 Nominado CinEuphoria', '2018 Ganador CinEuphoria', '2018 Nominado CinEuphoria', '2018 Nominado CinEuphoria', '2010 Ganador CinEuphoria')","('2009 Ganador Andorinha Trophy',)","('O Luto de Electra', 'Anjo Selvagem', 'Um Lugar Para Viver', 'El Contrato')"
141,17,Adelaide João,27 de julio de 1921,"('2011 Ganador CinEuphoria',)","('2017 Ganador Sophia',)","('Terra Estrangeira', 'La máscara vengadora: Lagardère', 'Porto Santo', 'Antes a Sorte Que Tal Morte')"
142,18,António Cara D'Anjo,19 de abril de 1954,,,"('La dolce vita', 'Fellini 8½', 'Una jornada particular', 'Matrimonio a la italiana')"
143,19,António Rama,,,,"('Der fliegende Holländer', 'Sweet Movie', 'Smarkula', ""L'ogre de Barbarie"")"
144,20,Marcello Mastroianni,28 de septiembre de 1924,"('1988 Nominado Oscar', '1978 Nominado Oscar', '1963 Nominado Oscar')","('1994 Nominado Silver Condor',)","('Cuatro bodas y un funeral', 'Suite francesa', 'La sociedad literaria y el pastel de patata', 'Disobedience')"
145,21,Anna Prucnal,17 de diciembre de 1940,,,"('El jeque blanco', ""Il tempo dell'inizio"", '¡Qué familia!', 'Un hombre enamorado')"
146,22,Bernice Stegers,12 de julio de 1949,,,"('Il peccato di Lola', 'La ciudad de las mujeres', 'Dulce piel de mujer', 'Non ti conosco più amore')"
147,23,Jole Silvani,9 de diciembre de 1910,,,"('La pequeña sirenita', 'El lago de los cisnes', 'Berusaiyu no bara', 'Robo-geisha')"
148,24,Donatella Damiani,6 de enero de 1955,,,"('Trono de sangre', 'Ninja bugeicho momochi sandayu', 'Shin Zatôichi monogatari: Oreta tsue', 'El lago de los cisnes')"
149,25,Tarô Shigaki,22 de septiembre de 1951,,,"('Saraba Uchû Senkan Yamato: Ai no Senshitachi', 'Nave Espacial', 'Uchû senkan Yamato III', 'Waga seishun no Arcadia: Mugen kidô SSX')"
150,26,Asao Koike,18 de marzo de 1931,,,"('Perfect Days', 'Berusaiyu no bara', 'Gôgô sentai Bôkenger', 'Saraba itoshiki hito yo')"
151,27,Yôko Asagami,10 de julio de 1952,,,"('¿Quién teme a Virginia Woolf?', '1984', 'El espía que surgió del frío', 'Becket')"
152,28,Yoneko Matsukane,22 de octubre de 1949,,,"('Star Trek: Voyager', 'Orange Is the New Black', 'Star Trek: Némesis', 'Star Trek Voyager: Elite Force')"
153,29,Richard Burton,10 de noviembre de 1925,"('1978 Nominado Oscar', '1970 Nominado Oscar', '1967 Nominado Oscar', '1966 Nominado Oscar', '1965 Nominado Oscar')","('1968 Ganador Bambi',)","('Excalibur', 'Muerte bajo el sol', 'Amanecer zulú', 'Merlín')"
154,30,Kate Mulgrew,29 de abril de 1955,"('2021 Nominado Saturn Award', '2001 Nominado Saturn Award', '2000 Nominado Saturn Award', '1999 Nominado Saturn Award', '1998 Ganador Saturn Award')","('2014 Nominado Primetime Emmy',)","('Fahrenheit 451', '1984', 'Chacal', 'Un horizonte muy lejano')"
155,31,Nicholas Clay,18 de septiembre de 1946,,,"('Amarga victoria', 'Cumbres borrascosas', 'Arthur, el soltero de oro', 'El prestamista')"
156,32,Cyril Cusack,26 de noviembre de 1910,,,"('La gran vida', 'The Getaway', 'La Celestina', 'La capilla ardiente')"
157,33,Geraldine Fitzgerald,24 de noviembre de 1913,"('1940 Nominado Oscar',)","('1978 Nominado AFI Award',)","('La capilla ardiente', 'Curro Jiménez', 'El arte de vivir', 'Adiós, cigüeña, adiós')"
158,34,Miguel Ayones,,,,"('Corazón salvaje', 'Las grandes aguas', 'Extraños caminos del amor', 'Como gallos de pelea')"
159,35,Beatriz Galbó,24 de diciembre de 1951,,,"('Un largo adiós', 'El águila descalza', 'Dos mulas y una mujer', 'El ángel exterminador')"
160,36,Lucy Tovar,1952,,,"('Tiempo de victoria: La dinastía de Los Lakers', 'Stranger Things', 'La matanza de Texas', 'All Fun and Games')"
161,37,Pancho Córdova,17 de agosto de 1916,"('1974 Ganador Silver Ariel', '1972 Ganador Silver Ariel', '1972 Ganador Silver Ariel', '1972 Ganador Silver Ariel')","('1979 Ganador Premio ACE', '1975 Ganador Premio ACE')","('Un paseo por las nubes', 'Mis hombres y yo', 'Guestward Ho!', 'Encrucijada')"
162,38,Ricardo Díaz,5 de diciembre de 1983,"('2024 Nominado ASC Award',)",(),"('¿Teléfono rojo? Volamos hacia Moscú', 'Sillas de montar calientes', 'La huida', '1941')"
163,39,Mark Miller,20 de noviembre de 1924,,,"('Halloween 4: El regreso de Michael Myers', 'Pier 5, Havana', 'Los hombres de Harrelson', 'The Big Story')"
164,40,Slim Pickens,29 de junio de 1919,"('1982 Ganador Hall of Great Western Performers',)","('1983 Ganador Golden Boot',)","('Brigham', 'Viaje salvaje', 'Noche en el tren del terror', 'Pesadilla interminable')"
165,41,Jack Glenn Evans,,,,"('Haiducii', 'Bunicul si doi delincventi minori', 'Toate pînzele sus', 'Nepotii gornistului')"
166,42,Logan Field,12 de junio de 1922,,,"('Pu-239', 'Femeia din Ursa Mare', 'Iancu Jianu, zapciul', 'Eu, tu si Ovidiu')"
167,43,Maurice Grandmaison,,,,"('Alarma en el delta', 'Doi barbati pentru o moarte', 'Razboiul domnitelor', 'Cerul începe la etajul III')"
168,0,Katsuo Nakamura,23 de abril de 1938,"('1966 Ganador APFF Award',)","('1981 Ganador Hochi Film Award',)","('Shirikurae Magoichi', 'Kagerô-za', 'Rabu retâ', 'Umi no koto')"
169,1,Masaaki Daimon,,,,"('Godzilla contra Cibergodzilla, máquina de destrucción', 'Lady Snowblood', '2009: Lost Memories', 'Urutoraman Eiteî')"
170,2,Mitsuo Hamada,1 de octubre de 1943,,,"('Hikaru umi', 'Burai yori daikanbu', 'Shiosai', 'Aoi sanmyaku')"
171,3,Daigo Kusano,7 de septiembre de 1939,,,"('Mirâman', 'Urutoraman Tarô', 'Mirâman', 'Terremoto 81')"
172,4,Mieko Takamine,2 de diciembre de 1918,"('1991 Ganador Special Award',)","('1986 Ganador Special Award',)","('Inugami-ke no ichizoku', 'Hordas salvajes', 'Sanada Yukimura no bouryaku', 'Hana no nagadosu')"
173,5,Enny Haryono,,,,"('Primitif', 'Perhitungan terakhir', 'Tuyul Eee Ketemu Lagi', 'Gara-gara janda kaya')"
174,6,Barry Prima,1955,"('2013 Nominado Piala Maya',)",(),"('The Warrior: El guerrero', 'Bajing Ireng dan Jaka Sembung', 'Pintu Harmonika', 'Si Buta Lawan Jaka Sembung')"
175,7,Johann Mardjono,,,,"('Resplandeciente batalla', 'Aladin dan Lampu Wasiat', 'Primitif', 'Jakarta Jakarta')"
176,8,Rukman Herman,2 de marzo de 1939,,,"('Jaka Swara', 'The Warrior: El guerrero', 'Ratu Buaya', 'Noda X')"
177,9,Jafarpree York,,,,"('Sult', 'Millennium 2: La chica que soñaba con una cerilla y un bidón de gasolina', 'Ronja', 'Sverige åt svenskarna')"
178,10,Per Oscarsson,28 de enero de 1927,"('1967 Ganador Bodil',)","('1966 Ganador Best Actor',)","('La naranja mecánica', 'Zulú', 'Carros de fuego', 'Barry Lyndon')"
179,11,Patrick Magee,31 de marzo de 1922,,,"('Matrimonio a la italiana', 'Misión Lisboa', 'La Eneida', 'Los últimos días de Pompeya')"
180,12,Marilù Tolo,16 de enero de 1943,,,"('Emmerdale', 'The Chinese Puzzle', 'Doctor Who', 'Target')"
181,13,Brendan Price,24 de junio de 1947,,,"('Un horizonte muy lejano', 'El magistrado inglés', 'Confesiones', 'RawHead')"
182,14,Niall Toibin,21 de noviembre de 1929,,,"('Molokai, la isla maldita', 'El chulo', 'Don Quijote cabalga de nuevo', 'El príncipe encadenado')"
183,15,Javier Escrivá,21 de julio de 1930,"('1960 Ganador CEC Award',)","('1960 Ganador Fotogramas de Plata',)","('Bichos Muy Raros', 'Curro Jiménez', 'El felino', 'Donde hay patrón...')"
184,16,Silvia Aguilar,,,,"('El tercer hombre', 'Suspiria', 'Los ojos sin rostro', 'El proceso Paradine')"
185,17,Alida Valli,31 de mayo de 1921,"('1991 Ganador Career David', '1991 Nominado David', '1982 Ganador David')","('1964 Nominado Golden Globe',)","('Historias para no dormir', 'Tiempo de amor', 'Muere una mujer', 'Periodistas')"
186,18,Mara Goyanes,1942,,,"(""Mujeres al borde de un ataque de 'nervios'"", 'Volver', 'La comunidad', '¡Ay, Carmela!')"
187,19,Carmen Maura,15 de septiembre de 1945,"('2004 Nominado Silver Condor', '2002 Nominado Silver Condor')","('1988 Ganador Golden Precolumbian Circle',)","('Diario de una esposa desesperada', 'El jinete pálido', 'Juegos salvajes', 'La ley de Murphy')"
188,20,Carrie Snodgress,27 de octubre de 1945,"('1971 Nominado Oscar',)","('1972 Nominado BAFTA Film Award',)","('Días sin huella', 'Crimen perfecto', 'Love Story', 'Los intrusos')"
189,21,Ray Milland,3 de enero de 1907,"('1946 Ganador Oscar',)","('1946 Ganador Best Actor',)","('Días felices', 'The Hardy Boys/Nancy Drew Mysteries', 'Enredo', 'California')"
190,22,Ruth Cox,6 de febrero de 1953,,,"('Matar a un ruiseñor', 'Eleanor and Franklin', 'Poderosa Afrodita', 'Más allá de la muerte')"
191,23,Rosemary Murphy,13 de enero de 1925,"('1977 Nominado Primetime Emmy', '1976 Ganador Primetime Emmy')","('1961 Ganador Clarence Derwent Award',)","('Terciopelo azul', 'Terminagolf', 'Inspector Gadget', 'Planes de boda')"
192,24,Frances Bay,23 de enero de 1919,"('1997 Ganador Gemini',)",(),"('Bronx, lucha final', 'Nueva York bajo el terror de los zombies', 'Laura', 'Lujuria')"
193,25,Al Cliver,16 de julio de 1951,"('1975 Nominado Silver Ribbon',)",(),"('El trono de fuego', '2020 Los Rangers de Texas', 'La última misión', 'Playa perdida')"
194,26,Sabrina Siani,1963,,,"('Los hijos del naúfrago', 'Passage du désir', 'Service volé', 'Par accident')"
195,27,Jérôme Foulon,,"('2003 Ganador TV Award',)","('1992 Ganador Lucas',)","('El ataque de las vampiras', 'El mirón y la exhibicionista', 'Una rajita para dos', 'El reformatorio de las perdidas')"
196,28,Lina Romay,25 de junio de 1954,,,"('Mejor... imposible', 'Superpoli de centro comercial', 'Play Boy: el rey del mando', 'Dulce pájaro de juventud')"
197,29,Shirley Knight,5 de julio de 1936,,,"('Krull', 'Alien 2: Sobre la tierra', 'Goliath está esperando', 'Lassiter')"
198,30,Belinda Mayne,2 de octubre de 1954,,,"('La nouvelle malle des Indes', 'Delitto di stato', 'Alien 2: Sobre la tierra', 'Lo studente')"
199,31,Mark Bodin,,,,"('Alien 2: Sobre la tierra', 'Los invasores del abismo', 'Cerdos con alas', 'Berlín interior')"
200,32,Roberto Barrese,,,,"('Mi novia es un zombie', 'Aquarius', 'Camino sin retorno', 'El secreto de los hermanos Grimm')"
201,33,Benedetta Fantoli,,,,"('Saturday Night Live', '¡Ave, César!', 'Tuca & Bertie', 'Better Call Saul')"
202,34,Michele Soavi,3 de julio de 1957,,,"('Aberración', 'Furia', 'Hart y Hart', 'Rabia de sangre')"
203,35,James Johnson,19 de julio de 1989,,,"('La quema', 'Banished', 'Convoy', 'Ha nacido una estrella')"
204,36,Judith-Marie Bergan,25 de noviembre de 1948,,,"('Big Bang', 'Conan', 'Shameless', 'MADtv')"
205,37,Jerry McGee,17 de noviembre de 1937,,,"('1776', 'Amadeus', 'Martin Luther King', 'Rabia de sangre')"
206,38,Ian Scott,,,,"('Holocausto caníbal', 'Death Walks', 'Road Rage', 'El túnel')"
207,39,Patrick Hines,17 de marzo de 1930,,,"('Nebbie e delitti', 'The Palace', 'Dolceroma', ""That's Amore"")"
208,40,Robert Kerman,,,,"('Holocausto caníbal', 'Daño colateral', 'La misión', 'Cobra Verde')"
209,41,Francesca Ciardi,26 de julio de 1954,,,"('Cocoon: El retorno', 'B.L. Stryker', 'Miami Sands', 'Rana: La leyenda del lago de las sombras')"
210,0,Christian Borromeo,,,,"('Tenebre', 'Trampa para un violador', 'Estigma', 'Danza mortal')"
211,1,Alexandra Bastedo,9 de marzo de 1946,,,"('Casino Royale', 'Batman Begins', 'Los invencibles del Némesis', 'El Santo')"
212,2,Emilio Gutiérrez Caba,26 de septiembre de 1942,"('2017 Ganador CEC Career Award', '2001 Ganador CEC Award', '1967 Ganador ""Antonio Barbero"" Revelation Award')","('2019 Ganador Lifetime Achievement Award', '1971 Nominado Fotogramas de Plata')","('La comunidad', 'Gran reserva', 'La saga de los Rius', 'Estudio 1')"
213,3,Berta Cabré,,,,"('Catherine Chérie', 'Los amores impuros de Sybille', ""Los últimos golpes de 'El Torete'"", 'Estigma')"
214,4,José María Caffarel,10 de noviembre de 1919,,,"('El reportero', 'Supersonic Man', 'Tristana', 'Los gozos y las sombras')"
215,5,Diana Bracho,12 de diciembre de 1944,"('2022 Ganador Golden Ariel', '2002 Nominado Silver Ariel', '1996 Nominado Silver Ariel', '1991 Ganador Special Golden Ariel', '1980 Ganador Silver Ariel')","('1998 Ganador Silver Goddess',)","('Y tu mamá también', 'Cuna de lobos', 'Cadenas de amargura', 'Fuego en la sangre')"
216,6,Isabela Corona,2 de julio de 1913,"('1988 Nominado Silver Ariel', '1980 Nominado Silver Ariel')","('1985 Ganador Golden Precolumbian Circle',)","('Cóndores no entierran todos los días', 'El infierno de todos tan temido', 'Yo compro esa mujer', 'Señoritas a disgusto')"
217,7,Manuel Ojeda,4 de noviembre de 1940,"('2017 Nominado Silver Ariel', '1996 Nominado Silver Ariel', '1988 Nominado Silver Ariel', '1982 Nominado Silver Ariel', '1981 Nominado Silver Ariel')","('2015 Nominado TVyNovelas', '2014 Ganador TVyNovelas', '2013 Nominado TVyNovelas', '2009 Nominado TVyNovelas', '2006 Ganador TVyNovelas')","('Tras el corazón verde', 'Alborada', 'El vuelo del águila', 'El infierno de todos tan temido')"
218,8,María Rebeca,9 de marzo de 1970,"('2003 Ganador Special Mention',)",(),"('Monica y el profesor', 'Ciudades oscuras', 'La niña de la mochila azul', 'El niño y el tiburón')"
219,9,Lilian Davis,,,,"('La tía Alejandra', 'Madres egoístas', 'Alcanzar una estrella', 'Trasplante a la Mexicana')"
220,10,Ana Martín,14 de mayo de 1946,"('1979 Nominado Silver Ariel', '1978 Nominado Silver Ariel', '1972 Nominado Silver Ariel')","('2002 Nominado MTV Movie Award',)","('Soy tu dueña', 'Gabriel y Gabriela', 'Amor real', 'Destilando amor')"
221,11,Enrique Lizalde,25 de abril de 1936,"('2007 Nominado TVyNovelas', '1999 Nominado TVyNovelas', '1998 Nominado TVyNovelas', '1996 Ganador TVyNovelas', '1994 Nominado TVyNovelas')",(),"('Si Dios me quita la vida', 'Corazón salvaje', 'Heridas de amor', 'Camila')"
222,12,Rafael Baledón,25 de noviembre de 1919,"('1957 Nominado Golden Lion',)","('1989 Ganador Special Award',)","('Los salvajes', 'Chicoasén', 'Una piedra en el zapato', 'Cazadores de espías')"
223,13,Blanca Baldó,,,,"('Cuando Pizarro, Cortez y Orellana eran amigos', 'Ángela Morante, ¿crimen o suicidio?', 'Profesión: vivir', 'Candelas en la niebla')"
224,14,Miguel Ángel Ferriz,29 de noviembre de 1899,,,"('El rebelde (Romance de antaño)', 'Mexicanos al grito de guerra', 'Naná', 'El mártir del Calvario')"
225,15,Viktor Preiss,13 de marzo de 1947,,,"('Romaneto', 'Veronika', 'Dvacátý devátý', 'Nemocnice na kraji mesta - nove osudy')"
226,16,Pavel Pavlovský,11 de diciembre de 1944,,,"('Vsichni dobrí rodáci', 'Romaneto', 'Strakatí andelé', 'Hodina zivota')"
227,17,Radovan Lukavský,1 de noviembre de 1919,,,"('Touha Sherlocka Holmese', 'Horoucí srdce', 'Náhrdelník', 'Veronika')"
228,18,Petr Kostka,11 de junio de 1938,,,"('Paleta lásky', 'Zítra vstanu a oparím se cajem', 'Muz v pozadí', 'Tajemství velikeho vypravece')"
229,19,Radoslav Brzobohatý,13 de septiembre de 1932,"('1968 Ganador Audience Award',)",(),"('Náhrdelník', 'Snezenky a machri', 'Atentát', 'Tri musketýri')"
230,20,Anne Parillaud,6 de mayo de 1960,"('1991 Ganador César',)","('1992 Nominado CFCA Award',)","('Nikita, dura de matar', 'Sangre fresca (Una chica insaciable)', 'El hombre de la máscara de hierro', 'Mapa del sentimiento humano')"
231,21,Sascha Hehn,11 de octubre de 1954,"('2014 Nominado Adolf Grimme Award',)","('2014 Nominado Romy',)","('Rumbo al paraíso', 'Lerchenberg', 'Alarm in den Bergen', 'The Outsiders')"
232,22,Paca Gabaldón,10 de mayo de 1949,,,"('La comunidad', 'El bosque animado', 'Don Quijote cabalga de nuevo', 'Los corsarios')"
233,23,María Rey,,,,"('Inés de Villalonga 1870', 'Patrizia', 'Eróticos juegos de la burguesía', 'Estimado Sr. juez...')"
234,24,Eva Lyberten,20 de diciembre de 1958,,,"('Fuga de Ceylán', 'Perros callejeros', 'Los violadores del amanecer', 'Viciosas al desnudo')"
235,25,Maurice Risch,25 de enero de 1943,,,"('El último metro', 'El gendarme y los extraterrestres', 'Le Tour du monde en 80 jours', 'El comisario Maigret')"
236,26,Pierre Tchernia,29 de enero de 1928,,,"('Nouvelles de Marcel Aymé', 'Los vecinos de abajo', 'Le viager', 'La bella americana')"
237,27,Pierre Tornade,21 de enero de 1930,,,"('Nestor Burma', 'Astérix el galo', 'À notre regrettable époux', 'Las buenas apariencias')"
238,28,Maurice Chevit,31 de octubre de 1923,,,"(""L'auvergnat et l'autobus"", 'Maigret', 'Les diamants de Palinos', 'El marido de la peluquera')"
239,29,Bernard Haller,5 de diciembre de 1933,,,"('Le braconnier de Dieu', 'Les quatre Charlots mousquetaires', 'Les Charlots en folie: À nous quatre Cardinal!', 'Eugénie Grandet')"
240,30,Judith Arciniega,,,,"('Hotel Villa Goerne', 'Las secretas intenciones', 'Anoche soñé contigo', 'Cuentos para solitarios')"
241,31,Rosa María Bianchi,18 de febrero de 1948,,,"('Yo no creo en los hombres', 'Nicotina', 'Amores perros', 'Mujeres asesinas')"
242,32,Maria del Carmen Cardenas,16 de octubre de 1930,,,"('El techo de cristal', 'La fierecilla domada', 'Rey de reyes', 'Enseñar a un sinvergüenza')"
243,33,Luis Rábago,,,,"('Amor en silencio', 'El corazón de la noche', 'Volver a Caer', 'Hotel Villa Goerne')"
244,34,Richard Chamberlain,31 de marzo de 1934,,,"('El coloso en llamas', 'La última ola', 'El pájaro espino', 'Los cuatro mosqueteros: La venganza de Milady')"
245,35,John Houseman,22 de septiembre de 1902,,,"('Vida de un estudiante', 'Rollerball, ¿un futuro próximo?', 'Los tres días del cóndor', 'La niebla')"
246,36,Sara Botsford,4 de agosto de 1951,,,"('Anne of Green Gables', 'Reporteros', 'Ride', 'The Lizzie Borden Chronicles')"
247,37,Robin Gammell,22 de septiembre de 1936,,,"('Skyline', 'Bulworth', 'Contact', 'Sister Act 2: De vuelta al convento')"
248,38,Gary Reineke,27 de mayo de 1945,,,"('Spider', 'La criatura', 'El zorro gris', ""George's Island"")"
249,39,Pedro Armendáriz Jr.,6 de abril de 1940,,,"('007: Licencia para matar', 'El mexicano', 'La máscara del Zorro', 'The Mexican')"
250,40,Helena Rojo,18 de agosto de 1944,,,"('El privilegio de amar', 'Cuidado con el ángel', 'Aguirre, la cólera de Dios', 'Retrato de familia')"
251,41,Ernesto Gómez Cruz,7 de noviembre de 1933,,,"('El imperio de la fortuna', 'El callejón de los milagros', 'El crimen del padre Amaro', 'Cadena perpetua')"
252,42,Aurora Clavel,14 de agosto de 1936,,,"('Grupo salvaje', 'La costa de los mosquitos', 'Pobre niña rica', 'Soy tu dueña')"
253,43,Paco Mauri,12 de noviembre de 1945,,,"('Mission Kill', 'Los diez locos mandamientos', 'Cadenas', 'El trailer asesino')"
254,44,Laurie Lapinski,,,,"('La mansión ensangrentada', 'Days of Our Lives', 'Sweet Nothing in My Ear', 'Chips')"
255,45,Stephen Sachs,14 de agosto de 1959,,,"('AnonymoUS: Redefining the Word Bully', 'Los guerreros de la magia', 'La mansión ensangrentada', ""Devil's Harvest"")"
256,0,Albert Antalffy,24 de abril de 1924,,,"('Habfürdö', 'Ripacsok', 'Sértés', 'Az aranyifjú')"
257,1,Kati Bontovits,30 de enero de 1953,,,"('Habfürdö', 'Ki beszél itt szerelemröl?!', 'Mindenki fél a törpétöl', 'Sacra Corona')"
258,2,Katalin Dobos,10 de diciembre de 1953,,,"('Századunk', 'Die Csárdásfürstin', 'Kakuk Marci', 'Brutus')"
259,3,Kornél Gelley,5 de marzo de 1932,,,"('Habfürdö', 'Die Csárdásfürstin', 'Gyalog a mennyországba', 'Felfelé a lejtön')"
260,4,Lenke Lorán,1 de mayo de 1927,,,"('Tigres de papel', 'Lalola', 'El caballero Don Quijote', 'Teatro')"
261,5,Joaquín Hinojosa,20 de enero de 1951,"('1978 Ganador CEC Award',)",(),"('Entre tinieblas', 'Aftershock', 'Pepi, Luci, Bom y otras chicas del montón', 'Cuentos eróticos')"
262,6,Cristina Sánchez Pascual,21 de mayo de 1959,,,"('Cuéntame cómo pasó', 'El hombre de la nevera', 'El bosque animado', 'Estudio 1')"
263,7,Alicia Hermida,26 de septiembre de 1932,"('1993 Ganador Special Mention',)","('2017 Ganador Lifetime Achievement Award',)","('Estudio 1', 'Solamente ella', 'La tregua', 'Los gauchos judíos')"
264,8,Luis Politti,8 de abril de 1933,,,"(""Mujeres al borde de un ataque de 'nervios'"", 'Dolor y gloria', 'Entre tinieblas', 'Átame!')"
265,9,Julieta Serrano,2 de enero de 1933,"('2021 Ganador Golden Medal', '2020 Nominado CEC Award', '2000 Nominado CEC Award')","('1987 Ganador International Fantasy Film Award',)","('Moscú no cree en las lágrimas', 'Zavist bogov', 'I vsyo-taki ya lyublyu...', 'Voskresenye')"
266,10,Vera Alentova,21 de febrero de 1942,"('2020 Nominado Nika',)","('2020 Nominado White Elephant',)","('La dama del perrito', 'Bolshaya semya', 'Cuando pasan las cigüeñas', 'Zvezda plenitelnogo schastya')"
267,11,Aleksey Batalov,20 de noviembre de 1928,"('1955 Ganador Best Actor',)","('1962 Ganador Diploma of Merit',)","('Moscú no cree en las lágrimas', 'Samaya obayatelnaya i privlekatelnaya', 'Kitayskaya babushka', 'Bolshoy kapkan, ili solo dlya koshki pri polnoy lune')"
268,12,Irina Muravyova,8 de febrero de 1949,"('2011 Ganador Nika',)","(""1994 Ganador People's Artist of Russian Federation"",)","('Moscú no cree en las lágrimas', 'Romance en la oficina', 'Soviet: la respuesta', 'Garantiruyu zhizn')"
269,13,Aleksandr Fatyushin,29 de marzo de 1951,,,"('Moscú no cree en las lágrimas', 'Bashnya', 'Ekskursante', 'La casa Rusia')"
270,14,Raisa Ryazanova,31 de octubre de 1944,"('1988 Ganador Bronze Mask',)","('2014 Nominado Silver Crane',)","('Geroy nashego vremeni', ""D'Artanyan i tri mushketyora"", 'Parol znali dvoye', 'S lyubimymi ne rasstavaytes')"
271,15,Irina Alfyorova,13 de marzo de 1951,"(""2007 Ganador People's Artist of Russian Federation"",)",(),"('O lyubvi', 'Bremenskie muzykanty', 'Desyat negrityat', 'Ubit drakona')"
272,16,Aleksandr Abdulov,29 de mayo de 1953,"('2008 Ganador Nika', '1992 Nominado Nika')","(""1991 Ganador People's Artist of the Republic"",)","('S lyubimymi ne rasstavaytes', 'Kontrabanda', 'Lovushka', 'Obochina')"
273,17,Lyudmila Drebnyova,8 de octubre de 1954,,,"('Volnitsa', 'Opasnyy povorot', 'Den, kogda ispolnyaetsya 30 let', 'Syostry')"
274,18,Rufina Nifontova,15 de septiembre de 1931,"('1956 Ganador Best Actress',)","(""1966 Ganador People's Artist of the Republic"",)","('Kubanskie kazaki', 'Bolshaya semya', 'Dvenadtsataya noch', 'Sueños de amor')"
275,19,Klara Luchko,1 de julio de 1925,"('1955 Ganador Best Actress',)","(""1974 Ganador People's Artist of the Republic"",)","('Roma a mano armada', 'Confidencias', 'Diario senza date', 'Habibi, amor mío')"
276,20,Stefano Patrizi,12 de octubre de 1950,,,"('Lujuria', 'Vacaciones al desnudo', 'La alcoba', 'Las veinteañeras')"
277,21,Lilli Carati,23 de septiembre de 1956,,,"('La gran vida', 'The Getaway', 'La Celestina', 'La capilla ardiente')"
278,22,Miguel Ayones,,,,"('Bestialidad', 'Nenè', 'Crimen sin huella', 'La violación de la señorita Julia')"
279,23,Leonora Fani,18 de febrero de 1954,,,"('Muere otro día', 'El camino', 'Bridget Jones: Sobreviviré', 'Los fantasmas de Goya')"
280,24,Simón Andreu,1 de enero de 1941,"('2013 Ganador Nosferatu Award',)","('1970 Ganador Prize of the National Syndicate of Spectacle',)","('La posesión', 'La pasión de Camille Claudel', 'Diario íntimo de Adela H.', 'Nosferatu, vampiro de la noche')"
281,25,Isabelle Adjani,27 de junio de 1955,"('1990 Nominado Oscar', '1976 Nominado Oscar')","('1978 Ganador Bambi',)","('Caché (Escondido)', 'El manantial de las colinas', 'La fille du puisatier', 'Salir del armario')"
282,26,Daniel Auteuil,24 de enero de 1950,"('1988 Ganador BAFTA Film Award',)","('1999 Nominado British Independent Film Award',)","('Felpudo maldito', 'El quimérico inquilino', 'La clienta', 'El erizo')"
283,27,Josiane Balasko,15 de abril de 1950,"('2021 Ganador Anniversary César', '2020 Nominado César', '2004 Nominado César', '2000 Ganador Honorary César', '1996 Nominado César')","('1996 Ganador Audience Award',)","('Un elefante se equivoca enormemente', 'Bienvenido al mundo de LOL', 'Dentro de cien años todos calvos', 'Chez Maupassant')"
284,28,Christophe Bourseiller,27 de septiembre de 1957,,,"('Los visitantes', 'Dos colgados en Chicago: Los visitantes cruzan el charco', 'Astérix y Obélix contra César', 'Astérix y Obélix: Misión Cleopatra')"
285,29,Christian Clavier,6 de mayo de 1952,"('2021 Ganador Anniversary César', '1994 Nominado César', '1994 Nominado César')","('2021 Ganador Achievement Award',)","('Élite', 'El traidor', 'Juacas', 'Bia')"
286,30,Fernando Cabral Martins,,,,"('Nieve', 'Duelle', 'Cap Canaille', 'Celine y Julie van en barco')"
287,31,André Gomes,4 de agosto de 1997,"('2023 Ganador Contigo',)","('2023 Nominado BreakTudo Award',)","('Ninguém Duas Vezes', 'La fábrica de nada', 'Coitado do Jorge', 'António, Um Rapaz de Lisboa')"
288,32,Juliet Berto,16 de enero de 1947,"('1983 Nominado Golden Berlin Bear',)","('1981 Ganador Young Cinema Award',)","('Verano', 'Invierno', 'El fin de las primeras veces', 'The Male Gaze: Boy Trouble')"
289,33,Jorge Silva Melo,7 de agosto de 1948,"('1984 Nominado Golden Lion',)","('2018 Nominado CinEuphoria',)","('Black', 'Pink', 'Mohabbatein', 'Baghban')"
290,34,Luís Pacheco,,"('2022 Nominado Short Film Competition', '2022 Ganador Short Film Competition')",(),"('Daag: A Poem of Love', 'Kasme Vaade', 'Ram Lakhan', 'Baazigar')"
291,35,Amitabh Bachchan,11 de octubre de 1942,"('2023 Nominado Filmfare Award', ""2023 Nominado Critics' Awards"", '2021 Nominado Filmfare Award', ""2021 Ganador Critics' Awards"", '2017 Nominado Filmfare Award')","('2017 Nominado Popular Award', '2017 Nominado Popular Award', '2016 Nominado Popular Award', '2012 Nominado Popular Award', '2010 Ganador Popular Award')","('Sholay', 'Yaarana', 'Maa Kasam', 'Dada')"
292,36,Rakhee Gulzar,15 de agosto de 1947,"('1999 Nominado Filmfare Award', '1998 Nominado Filmfare Award', '1996 Nominado Filmfare Award', '1994 Nominado Filmfare Award', '1990 Ganador Filmfare Award')","('2003 Ganador Silver Lotus Award',)","('Agantuk', 'Gol Maal', 'Bhuvan Shome', 'Path O Prasad')"
293,37,Amjad Khan,12 de noviembre de 1940,"('1986 Ganador Filmfare Award', '1986 Nominado Filmfare Award', '1982 Ganador Filmfare Award', '1982 Nominado Filmfare Award', '1981 Nominado Filmfare Award')","('1976 Ganador BFJA Award',)","('Umrao Jaan', 'Mangalsutra', 'Pataal Bhairavi', 'Surakksha')"
294,38,Utpal Dutt,29 de marzo de 1929,"('1986 Nominado Filmfare Award', '1982 Ganador Filmfare Award', '1980 Ganador Filmfare Award', '1976 Nominado Filmfare Award')","('1970 Ganador Silver Lotus Award',)","('Ty u menya odna', 'Dorogaya Yelena Sergeyevna', 'Karp otmorozhennyy', 'Ten')"
295,39,Prema Narayan,4 de abril de 1955,"('1976 Nominado Filmfare Award',)",(),"('Voenno-polevoy roman', 'Meri Poppins, do svidaniya', 'Ledi Makbet Mtsenskogo uezda', 'Operación Aurora')"
296,40,Marina Neyolova,8 de enero de 1947,"('2016 Ganador Special Prize',)","('2018 Nominado Nika',)","('Loca academia de policía: Misión en Moscú', 'Zvyozdnyy malchik', 'El círculo del poder', 'Erizo en la niebla')"
297,41,Natalya Andreychenko,3 de mayo de 1956,"('1990 Nominado Nika',)","('1984 Ganador Best Actress',)","('Polosa vezeniya', 'Damy priglashayut kavalerov', 'Trevozhnoye voskresenye', 'Vsyo naoborot')"
298,42,Mariya Vinogradova,13 de julio de 1922,,,"('12 stulev', 'Vzorvannyy ad', 'Damy priglashayut kavalerov', 'Vremya svidaniy')"
299,43,Tatyana Bozhok,21 de enero de 1957,,,"('La cara oculta', 'Sound of Freedom', 'Narcos', 'La bala de Dios')"
300,44,Nikolai Skorobogatov,19 de diciembre de 1923,,,"('El hombre del Grande Río (Mundo verde)', 'Agítese antes de usarla', 'La Lola nos lleva al huerto', 'Profesor eróticus')"
301,45,Kapax,,,,"('La muerte tenía un precio', 'Por un puñado de dólares', 'El bueno, el feo y el malo', 'Operación Cóndor')"
302,46,María Bauza,,,,"('El hombre del Grande Río (Mundo verde)', 'Canaguaro', 'La agonía del difunto', 'Voglio una donnaaa!')"
303,0,Rod Steiger,14 de abril de 1925,"('1968 Ganador Oscar', '1966 Nominado Oscar', '1955 Nominado Oscar')","('2002 Ganador Lifetime Achievement Award',)","('En el calor de la noche', 'La ley del silencio', 'El prestamista', '¡Agáchate, maldito!')"
304,1,David Huffman,10 de mayo de 1945,,,"('Firefox: El arma definitiva', 'Castillos de hielo', 'El volcán asesino', 'Capitanes y reyes')"
305,2,Robin Mattson,1 de junio de 1956,"('1989 Nominado Daytime Emmy', '1988 Nominado Daytime Emmy', '1987 Nominado Daytime Emmy', '1983 Nominado Daytime Emmy')","('1996 Ganador Soap Opera Digest Award', '1990 Ganador Soap Opera Digest Award', '1989 Ganador Soap Opera Digest Award', '1988 Nominado Soap Opera Digest Award')","('Hospital General', 'Santa Bárbara', 'Todos mis hijos', 'La isla de los desaparecidos')"
306,3,Jerry Hardin,20 de noviembre de 1929,,,"('Golpe en la pequeña China', 'The Firm (La tapadera)', 'Expediente X', 'Cujo')"
307,4,Richard Herd,26 de septiembre de 1932,,,"('Todos los hombres del presidente', 'El síndrome de China', 'Déjame salir', 'Mula')"
308,5,Willie Andréason,3 de mayo de 1933,,,"('Millennium 1: Los hombres que no amaban a las mujeres', 'Varuhuset', 'Inspector Wallander', 'Någonstans i Sverige')"
309,6,Vivian Falk,29 de marzo de 1943,,,"('Anders och Måns', 'Nästan inget', 'Succéduon', 'Fråga Anders och Måns')"
310,7,Roland Johansson,4 de mayo de 1974,,,"('Montenegro', 'Attentatet', 'Tvingad att leva', 'The Boy in the Fog')"
311,8,Thomas Johansson,,,,"('Kojak', '007 al servicio secreto de su Majestad', 'Los violentos de Kelly', 'Pánico en el Transiberiano')"
312,9,Marina Lindahl,10 de febrero de 1961,,,"('Vacaciones en Roma', 'Granjero último modelo', 'El rompecorazones', 'El día más largo')"
313,10,Telly Savalas,21 de enero de 1922,"('1963 Nominado Oscar',)","('1975 Ganador Bambi',)","('El padrino parte II', 'Melodía para un asesinato', 'xXx: Reactivated', 'El último gran héroe')"
314,11,Danny De La Paz,,,,"('Presagio', 'La jaula de oro', 'La tigresa', 'Cazador de asesinos')"
315,12,Eddie Albert,22 de abril de 1906,"('1973 Nominado Oscar', '1954 Nominado Oscar')","('1954 Nominado BAFTA Film Award',)","('La ciencia del sueño', 'Limpieza en seco', 'Entre nosotras', 'Toda una mujer')"
316,13,Michael V. Gazzo,5 de abril de 1923,"('1975 Nominado Oscar',)",(),"('Vive les vacances', 'Un cheval pour deux', 'Vidocq: El mito', 'Napoleón II, el aguilucho')"
317,14,Cecilia Camacho,,"('1989 Nominado Silver Ariel',)","('1975 Ganador Silver Goddess',)","('La reine blanche', 'Babeau', ""Une vie à t'attendre"", 'El conejo caliente')"
318,15,Miou-Miou,22 de febrero de 1950,"('2024 Nominado César', '1998 Nominado César', '1994 Nominado César', '1991 Nominado César', '1989 Nominado César')","('1990 Nominado David',)","('Saint-Cyr', 'Le coup du singe', 'El grito de la lechuza', 'The Ray Bradbury Theater')"
319,16,Jean-Marc Thibault,24 de agosto de 1923,,,"('El muelle de las brumas', ""L'atalante"", 'El tren', 'El viejo y el niño')"
320,17,Leny Escudéro,5 de noviembre de 1932,,,"('El ataque de las vampiras', 'El mirón y la exhibicionista', 'Una rajita para dos', 'El reformatorio de las perdidas')"
321,18,Jean-Pierre Kalfon,30 de octubre de 1938,"('2001 Nominado César', '1988 Nominado César')",(),"('Honesty Weekend', 'Robbie Williams: Millennium', 'Bakers vs. Fakers', ""Lorraine's Last Minute Christmas"")"
322,19,François Simon,9 de abril de 1895,"('1967 Ganador Silver Berlin Bear',)","('1950 Ganador Silver Ribbon',)","('Escuadrón pantera', 'Si Versalles pudiera hablar', 'Lady Porno', 'Cecilia')"
323,20,Lina Romay,25 de junio de 1954,,,"('Pequeña Miss Sunshine', 'Los tres entierros de Melquiades Estrada', 'La habitación del pánico', 'Los amos del barrio')"
324,21,Nadine Pascal,17 de noviembre de 1972,,,"('Tras el corazón verde', 'Alborada', 'El vuelo del águila', 'El infierno de todos tan temido')"
325,22,Olivier Mathot,22 de junio de 1924,,,"('Fuego en el mar', 'Tres mujeres', 'El maleficio', 'Modelo antiguo')"
326,23,Joëlle Le Quément,,"('2013 Ganador VMA',)","('2013 Ganador Soul Train Award',)","('Almacenados', 'Toña machetes', 'Las vías del amor', 'Vidas errantes')"
327,24,Mel Rodrigo,12 de junio,"('2018 Nominado Imagen Award', '2015 Nominado Imagen Award', '2014 Nominado Imagen Award')","('2017 Ganador Copper Wing Award',)","('Rio, Verão & Amor', 'El niño y el tiburón', 'Ciclón', 'Las puertas del paraíso')"
328,25,Manuel Ojeda,4 de noviembre de 1940,"('2017 Nominado Silver Ariel', '1996 Nominado Silver Ariel', '1988 Nominado Silver Ariel', '1982 Nominado Silver Ariel', '1981 Nominado Silver Ariel')","('2015 Nominado TVyNovelas', '2014 Ganador TVyNovelas', '2013 Nominado TVyNovelas', '2009 Nominado TVyNovelas', '2006 Ganador TVyNovelas')","('De frente al sol', 'Dos mulas y una mujer', 'Como agua para chocolate', 'El libro de piedra')"
329,26,Norma Herrera,24 de mayo de 1938,"('1980 Ganador Silver Ariel',)","('2000 Ganador TVyNovelas',)","('Y tu mamá también', 'Cuna de lobos', 'Cadenas de amargura', 'Fuego en la sangre')"
330,27,José Carlos Ruiz,17 de noviembre de 1936,"('2017 Ganador Silver Ariel', '1995 Ganador Silver Ariel', '1990 Ganador Silver Ariel', '1989 Nominado Silver Ariel', '1987 Nominado Silver Ariel')","('2016 Nominado Silver Goddess',)","('El callejón de los milagros', 'Sobrenatural', 'Cadenas de amargura', 'Mentiras piadosas')"
331,28,Milton Rodríguez,18 de octubre de 1936,,,"('El infierno de todos tan temido', 'El tres de copas', 'Pafnucio Santo', 'Gabriel y Gabriela')"
332,29,Ada Carrasco,17 de septiembre de 1911,"('1994 Nominado Silver Ariel',)","('1993 Ganador TVyNovelas',)","('Tlayucan', 'Obsesión venganza', 'Anónima de asesinos', 'Víctimas de un asesino')"
333,30,Diana Bracho,12 de diciembre de 1944,"('2022 Ganador Golden Ariel', '2002 Nominado Silver Ariel', '1996 Nominado Silver Ariel', '1991 Ganador Special Golden Ariel', '1980 Ganador Silver Ariel')","('1998 Ganador Silver Goddess',)","('Ley y orden: Unidad de Víctimas Especiales', 'Sum of the Parts', 'Occupy Elm Street', 'Paydirt')"
334,31,Delia Casanova,4 de noviembre de 1948,"('1996 Nominado Silver Ariel', '1995 Nominado Silver Ariel', '1992 Nominado Silver Ariel', '1989 Ganador Silver Ariel', '1984 Nominado Silver Ariel')","('2012 Ganador TVyNovelas', '2006 Ganador TVyNovelas', '1992 Nominado TVyNovelas', '1986 Nominado TVyNovelas')","('Uncharted', 'Los fantasmas de Goya', 'Cinzento e Negro', 'El túnel')"
335,32,Jorge Humberto Robles,20 de agosto de 1943,"('1980 Nominado Silver Ariel',)",(),"('Claw', 'Noise', 'Muy Gay Too Mexicano', 'Roberto')"
336,33,Noé Murayama,4 de julio de 1930,"('1983 Nominado Silver Ariel',)","('1963 Ganador Silver Goddess',)","('El asesino está entre los trece', ""Mujeres al borde de un ataque de 'nervios'"", 'Estudio 1', 'Tristana')"
337,34,Eric Silverstein,,,,"('La mujer del juez', 'Hospital Central', 'Demasiado para Gálvez', 'La lozana andaluza')"
338,35,Lola Desmond,,,,"('Los girasoles ciegos', 'La lengua de las mariposas', 'Los otros', 'Abre los ojos')"
339,36,Daniel Odell,,,,"('Imagen de la bestia', 'Star Trek: De dioses y hombres', 'Nacidos para perder', 'Wild Bill: Hollywood Maverick')"
340,37,Melody Bates,,,,"('Imagen de la bestia', 'Fuerza 7', 'Repairs', 'The Fall Guy')"
341,38,Jacob Hayward,,,,"('Un trueno distante', 'A Thief in the Night', 'Imagen de la bestia', 'Knee High')"
342,39,Manuel de Blas,12 de abril de 1941,"('2020 Ganador Nosferatu Award',)","('2017 Nominado CinEuphoria',)","('La masa devoradora', 'Un trueno distante', 'Happiness Is...', 'Fever Heat')"
343,40,Juan Carlos Sánchez,,,,"('Imagen de la bestia', 'Fanny Crosby', 'Twice Given', 'Un trueno distante')"
